image_path,mask_path,class,class_id,num_masks,use_phase1,split
D:\Dataset_BUSI_with_GT\malignant\malignant (201).png,D:\Dataset_BUSI_with_GT\malignant\malignant (201)_mask.png,malignant,1,1,1,train
D:\Dataset_BUSI_with_GT\benign\benign (104).png,D:\Dataset_BUSI_with_GT\benign\benign (104)_mask.png,benign,0,1,1,train
D:\Dataset_BUSI_with_GT\malignant\malignant (37).png,D:\Dataset_BUSI_with_GT\malignant\malignant (37)_mask.png,malignant,1,1,1,train
D:\Dataset_BUSI_with_GT\malignant\malignant (92).png,D:\Dataset_BUSI_with_GT\malignant\malignant (92)_mask.png,malignant,1,1,1,train
D:\Dataset_BUSI_with_GT\benign\benign (7).png,D:\Dataset_BUSI_with_GT\benign\benign (7)_mask.png,benign,0,1,1,train
D:\Dataset_BUSI_with_GT\malignant\malignant (3).png,D:\Dataset_BUSI_with_GT\malignant\malignant (3)_mask.png,malignant,1,1,1,train
D:\Dataset_BUSI_with_GT\benign\benign (70).png,D:\Dataset_BUSI_with_GT\benign\benign (70)_mask.png,benign,0,1,1,train
D:\Dataset_BUSI_with_GT\benign\benign (350).png,D:\Dataset_BUSI_with_GT\benign\benign (350)_mask.png,benign,0,1,1,train
D:\Dataset_BUSI_with_GT\benign\benign (9).png,D:\Dataset_BUSI_with_GT\benign\benign (9)_mask.png,benign,0,1,1,train
D:\Dataset_BUSI_with_GT\benign\benign (105).png,D:\Dataset_BUSI_with_GT\benign\benign (105)_mask.png,benign,0,1,1,train
D:\Dataset_BUSI_with_GT\benign\benign (150).png,D:\Dataset_BUSI_with_GT\benign\benign (150)_mask.png,benign,0,1,1,train
D:\Dataset_BUSI_with_GT\malignant\malignant (143).png,D:\Dataset_BUSI_with_GT\malignant\malignant (143)_mask.png,malignant,1,1,1,train
D:\Dataset_BUSI_with_GT\benign\benign (123).png,D:\Dataset_BUSI_with_GT\benign\benign (123)_mask.png,benign,0,1,1,train
D:\Dataset_BUSI_with_GT\benign\benign (40).png,D:\Dataset_BUSI_with_GT\benign\benign (40)_mask.png,benign,0,1,1,train
D:\Dataset_BUSI_with_GT\malignant\malignant (170).png,D:\Dataset_BUSI_with_GT\malignant\malignant (170)_mask.png,malignant,1,1,1,train
D:\Dataset_BUSI_with_GT\benign\benign (253).png,D:\Dataset_BUSI_with_GT\benign\benign (253)_mask.png,benign,0,1,1,train
D:\Dataset_BUSI_with_GT\malignant\malignant (29).png,D:\Dataset_BUSI_with_GT\malignant\malignant (29)_mask.png,malignant,1,1,1,train
D:\Dataset_BUSI_with_GT\benign\benign (27).png,D:\Dataset_BUSI_with_GT\benign\benign (27)_mask.png,benign,0,1,1,train
D:\Dataset_BUSI_with_GT\malignant\malignant (22).png,D:\Dataset_BUSI_with_GT\malignant\malignant (22)_mask.png,malignant,1,1,1,train
D:\Dataset_BUSI_with_GT\malignant\malignant (163).png,D:\Dataset_BUSI_with_GT\malignant\malignant (163)_mask.png,malignant,1,1,1,train
D:\Dataset_BUSI_with_GT\benign\benign (359).png,D:\Dataset_BUSI_with_GT\benign\benign (359)_mask.png,benign,0,1,1,train
D:\Dataset_BUSI_with_GT\benign\benign (215).png,D:\Dataset_BUSI_with_GT\benign\benign (215)_mask.png,benign,0,1,1,train
D:\Dataset_BUSI_with_GT\benign\benign (186).png,D:\Dataset_BUSI_with_GT\benign\benign (186)_mask.png,benign,0,1,1,train
D:\Dataset_BUSI_with_GT\malignant\malignant (51).png,D:\Dataset_BUSI_with_GT\malignant\malignant (51)_mask.png,malignant,1,1,1,train
D:\Dataset_BUSI_with_GT\malignant\malignant (31).png,D:\Dataset_BUSI_with_GT\malignant\malignant (31)_mask.png,malignant,1,1,1,train
D:\Dataset_BUSI_with_GT\benign\benign (240).png,D:\Dataset_BUSI_with_GT\benign\benign (240)_mask.png,benign,0,1,1,train
D:\Dataset_BUSI_with_GT\malignant\malignant (94).png,D:\Dataset_BUSI_with_GT\malignant\malignant (94)_mask.png,malignant,1,1,1,train
D:\Dataset_BUSI_with_GT\malignant\malignant (59).png,D:\Dataset_BUSI_with_GT\malignant\malignant (59)_mask.png,malignant,1,1,1,train
D:\Dataset_BUSI_with_GT\benign\benign (44).png,D:\Dataset_BUSI_with_GT\benign\benign (44)_mask.png,benign,0,1,1,train
D:\Dataset_BUSI_with_GT\malignant\malignant (15).png,D:\Dataset_BUSI_with_GT\malignant\malignant (15)_mask.png,malignant,1,1,1,train
D:\Dataset_BUSI_with_GT\benign\benign (194).png,D:\Dataset_BUSI_with_GT\benign\benign (194)_mask.png,benign,0,1,1,train
D:\Dataset_BUSI_with_GT\benign\benign (329).png,D:\Dataset_BUSI_with_GT\benign\benign (329)_mask.png,benign,0,1,1,train
D:\Dataset_BUSI_with_GT\benign\benign (392).png,D:\Dataset_BUSI_with_GT\benign\benign (392)_mask.png,benign,0,1,1,train
D:\Dataset_BUSI_with_GT\benign\benign (110).png,D:\Dataset_BUSI_with_GT\benign\benign (110)_mask.png,benign,0,1,1,train
D:\Dataset_BUSI_with_GT\benign\benign (239).png,D:\Dataset_BUSI_with_GT\benign\benign (239)_mask.png,benign,0,1,1,train
D:\Dataset_BUSI_with_GT\benign\benign (305).png,D:\Dataset_BUSI_with_GT\benign\benign (305)_mask.png,benign,0,1,1,train
D:\Dataset_BUSI_with_GT\benign\benign (423).png,D:\Dataset_BUSI_with_GT\benign\benign (423)_mask.png,benign,0,1,1,train
D:\Dataset_BUSI_with_GT\benign\benign (128).png,D:\Dataset_BUSI_with_GT\benign\benign (128)_mask.png,benign,0,1,1,train
D:\Dataset_BUSI_with_GT\malignant\malignant (48).png,D:\Dataset_BUSI_with_GT\malignant\malignant (48)_mask.png,malignant,1,1,1,train
D:\Dataset_BUSI_with_GT\benign\benign (323).png,D:\Dataset_BUSI_with_GT\benign\benign (323)_mask.png,benign,0,1,1,train
D:\Dataset_BUSI_with_GT\malignant\malignant (195).png,D:\Dataset_BUSI_with_GT\malignant\malignant (195)_mask.png,malignant,1,1,1,train
D:\Dataset_BUSI_with_GT\benign\benign (125).png,D:\Dataset_BUSI_with_GT\benign\benign (125)_mask.png,benign,0,1,1,train
D:\Dataset_BUSI_with_GT\benign\benign (73).png,D:\Dataset_BUSI_with_GT\benign\benign (73)_mask.png,benign,0,1,1,train
D:\Dataset_BUSI_with_GT\benign\benign (407).png,D:\Dataset_BUSI_with_GT\benign\benign (407)_mask.png,benign,0,1,1,train
D:\Dataset_BUSI_with_GT\malignant\malignant (187).png,D:\Dataset_BUSI_with_GT\malignant\malignant (187)_mask.png,malignant,1,1,1,train
D:\Dataset_BUSI_with_GT\benign\benign (288).png,D:\Dataset_BUSI_with_GT\benign\benign (288)_mask.png,benign,0,1,1,train
D:\Dataset_BUSI_with_GT\benign\benign (367).png,D:\Dataset_BUSI_with_GT\benign\benign (367)_mask.png,benign,0,1,1,train
D:\Dataset_BUSI_with_GT\benign\benign (208).png,D:\Dataset_BUSI_with_GT\benign\benign (208)_mask.png,benign,0,1,1,train
D:\Dataset_BUSI_with_GT\malignant\malignant (156).png,D:\Dataset_BUSI_with_GT\malignant\malignant (156)_mask.png,malignant,1,1,1,train
D:\Dataset_BUSI_with_GT\benign\benign (131).png,D:\Dataset_BUSI_with_GT\benign\benign (131)_mask.png,benign,0,1,1,train
D:\Dataset_BUSI_with_GT\benign\benign (101).png,D:\Dataset_BUSI_with_GT\benign\benign (101)_mask.png,benign,0,1,1,train
D:\Dataset_BUSI_with_GT\benign\benign (246).png,D:\Dataset_BUSI_with_GT\benign\benign (246)_mask.png,benign,0,1,1,train
D:\Dataset_BUSI_with_GT\malignant\malignant (199).png,D:\Dataset_BUSI_with_GT\malignant\malignant (199)_mask.png,malignant,1,1,1,train
D:\Dataset_BUSI_with_GT\benign\benign (396).png,D:\Dataset_BUSI_with_GT\benign\benign (396)_mask.png,benign,0,1,1,train
D:\Dataset_BUSI_with_GT\malignant\malignant (172).png,D:\Dataset_BUSI_with_GT\malignant\malignant (172)_mask.png,malignant,1,1,1,train
D:\Dataset_BUSI_with_GT\malignant\malignant (120).png,D:\Dataset_BUSI_with_GT\malignant\malignant (120)_mask.png,malignant,1,1,1,train
D:\Dataset_BUSI_with_GT\benign\benign (204).png,D:\Dataset_BUSI_with_GT\benign\benign (204)_mask.png,benign,0,1,1,train
D:\Dataset_BUSI_with_GT\malignant\malignant (206).png,D:\Dataset_BUSI_with_GT\malignant\malignant (206)_mask.png,malignant,1,1,1,train
D:\Dataset_BUSI_with_GT\benign\benign (201).png,D:\Dataset_BUSI_with_GT\benign\benign (201)_mask.png,benign,0,1,1,train
D:\Dataset_BUSI_with_GT\malignant\malignant (148).png,D:\Dataset_BUSI_with_GT\malignant\malignant (148)_mask.png,malignant,1,1,1,train
D:\Dataset_BUSI_with_GT\benign\benign (251).png,D:\Dataset_BUSI_with_GT\benign\benign (251)_mask.png,benign,0,1,1,train
D:\Dataset_BUSI_with_GT\malignant\malignant (125).png,D:\Dataset_BUSI_with_GT\malignant\malignant (125)_mask.png,malignant,1,1,1,train
D:\Dataset_BUSI_with_GT\benign\benign (23).png,D:\Dataset_BUSI_with_GT\benign\benign (23)_mask.png,benign,0,1,1,train
D:\Dataset_BUSI_with_GT\benign\benign (397).png,D:\Dataset_BUSI_with_GT\benign\benign (397)_mask.png,benign,0,1,1,train
D:\Dataset_BUSI_with_GT\benign\benign (217).png,D:\Dataset_BUSI_with_GT\benign\benign (217)_mask.png,benign,0,1,1,train
D:\Dataset_BUSI_with_GT\benign\benign (200).png,D:\Dataset_BUSI_with_GT\benign\benign (200)_mask.png,benign,0,1,1,train
D:\Dataset_BUSI_with_GT\benign\benign (137).png,D:\Dataset_BUSI_with_GT\benign\benign (137)_mask.png,benign,0,1,1,train
D:\Dataset_BUSI_with_GT\malignant\malignant (2).png,D:\Dataset_BUSI_with_GT\malignant\malignant (2)_mask.png,malignant,1,1,1,train
D:\Dataset_BUSI_with_GT\benign\benign (218).png,D:\Dataset_BUSI_with_GT\benign\benign (218)_mask.png,benign,0,1,1,train
D:\Dataset_BUSI_with_GT\benign\benign (19).png,D:\Dataset_BUSI_with_GT\benign\benign (19)_mask.png,benign,0,1,1,train
D:\Dataset_BUSI_with_GT\benign\benign (351).png,D:\Dataset_BUSI_with_GT\benign\benign (351)_mask.png,benign,0,1,1,train
D:\Dataset_BUSI_with_GT\malignant\malignant (164).png,D:\Dataset_BUSI_with_GT\malignant\malignant (164)_mask.png,malignant,1,1,1,train
D:\Dataset_BUSI_with_GT\benign\benign (340).png,D:\Dataset_BUSI_with_GT\benign\benign (340)_mask.png,benign,0,1,1,train
D:\Dataset_BUSI_with_GT\malignant\malignant (106).png,D:\Dataset_BUSI_with_GT\malignant\malignant (106)_mask.png,malignant,1,1,1,train
D:\Dataset_BUSI_with_GT\benign\benign (387).png,D:\Dataset_BUSI_with_GT\benign\benign (387)_mask.png,benign,0,1,1,train
D:\Dataset_BUSI_with_GT\malignant\malignant (202).png,D:\Dataset_BUSI_with_GT\malignant\malignant (202)_mask.png,malignant,1,1,1,train
D:\Dataset_BUSI_with_GT\benign\benign (178).png,D:\Dataset_BUSI_with_GT\benign\benign (178)_mask.png,benign,0,1,1,train
D:\Dataset_BUSI_with_GT\benign\benign (141).png,D:\Dataset_BUSI_with_GT\benign\benign (141)_mask.png,benign,0,1,1,train
D:\Dataset_BUSI_with_GT\benign\benign (109).png,D:\Dataset_BUSI_with_GT\benign\benign (109)_mask.png,benign,0,1,1,train
D:\Dataset_BUSI_with_GT\benign\benign (413).png,D:\Dataset_BUSI_with_GT\benign\benign (413)_mask.png,benign,0,1,1,train
D:\Dataset_BUSI_with_GT\benign\benign (226).png,D:\Dataset_BUSI_with_GT\benign\benign (226)_mask.png,benign,0,1,1,train
D:\Dataset_BUSI_with_GT\malignant\malignant (14).png,D:\Dataset_BUSI_with_GT\malignant\malignant (14)_mask.png,malignant,1,1,1,train
D:\Dataset_BUSI_with_GT\benign\benign (71).png,D:\Dataset_BUSI_with_GT\benign\benign (71)_mask.png,benign,0,1,1,train
D:\Dataset_BUSI_with_GT\benign\benign (176).png,D:\Dataset_BUSI_with_GT\benign\benign (176)_mask.png,benign,0,1,1,train
D:\Dataset_BUSI_with_GT\benign\benign (243).png,D:\Dataset_BUSI_with_GT\benign\benign (243)_mask.png,benign,0,1,1,train
D:\Dataset_BUSI_with_GT\malignant\malignant (61).png,D:\Dataset_BUSI_with_GT\malignant\malignant (61)_mask.png,malignant,1,1,1,train
D:\Dataset_BUSI_with_GT\benign\benign (46).png,D:\Dataset_BUSI_with_GT\benign\benign (46)_mask.png,benign,0,1,1,train
D:\Dataset_BUSI_with_GT\malignant\malignant (173).png,D:\Dataset_BUSI_with_GT\malignant\malignant (173)_mask.png,malignant,1,1,1,train
D:\Dataset_BUSI_with_GT\malignant\malignant (27).png,D:\Dataset_BUSI_with_GT\malignant\malignant (27)_mask.png,malignant,1,1,1,train
D:\Dataset_BUSI_with_GT\benign\benign (31).png,D:\Dataset_BUSI_with_GT\benign\benign (31)_mask.png,benign,0,1,1,train
D:\Dataset_BUSI_with_GT\malignant\malignant (182).png,D:\Dataset_BUSI_with_GT\malignant\malignant (182)_mask.png,malignant,1,1,1,train
D:\Dataset_BUSI_with_GT\benign\benign (267).png,D:\Dataset_BUSI_with_GT\benign\benign (267)_mask.png,benign,0,1,1,train
D:\Dataset_BUSI_with_GT\benign\benign (127).png,D:\Dataset_BUSI_with_GT\benign\benign (127)_mask.png,benign,0,1,1,train
D:\Dataset_BUSI_with_GT\benign\benign (280).png,D:\Dataset_BUSI_with_GT\benign\benign (280)_mask.png,benign,0,1,1,train
D:\Dataset_BUSI_with_GT\malignant\malignant (102).png,D:\Dataset_BUSI_with_GT\malignant\malignant (102)_mask.png,malignant,1,1,1,train
D:\Dataset_BUSI_with_GT\benign\benign (353).png,D:\Dataset_BUSI_with_GT\benign\benign (353)_mask.png,benign,0,1,1,train
D:\Dataset_BUSI_with_GT\malignant\malignant (110).png,D:\Dataset_BUSI_with_GT\malignant\malignant (110)_mask.png,malignant,1,1,1,train
D:\Dataset_BUSI_with_GT\malignant\malignant (70).png,D:\Dataset_BUSI_with_GT\malignant\malignant (70)_mask.png,malignant,1,1,1,train
D:\Dataset_BUSI_with_GT\benign\benign (114).png,D:\Dataset_BUSI_with_GT\benign\benign (114)_mask.png,benign,0,1,1,train
D:\Dataset_BUSI_with_GT\benign\benign (175).png,D:\Dataset_BUSI_with_GT\benign\benign (175)_mask.png,benign,0,1,1,train
D:\Dataset_BUSI_with_GT\benign\benign (309).png,D:\Dataset_BUSI_with_GT\benign\benign (309)_mask.png,benign,0,1,1,train
D:\Dataset_BUSI_with_GT\benign\benign (408).png,D:\Dataset_BUSI_with_GT\benign\benign (408)_mask.png,benign,0,1,1,train
D:\Dataset_BUSI_with_GT\benign\benign (375).png,D:\Dataset_BUSI_with_GT\benign\benign (375)_mask.png,benign,0,1,1,train
D:\Dataset_BUSI_with_GT\benign\benign (422).png,D:\Dataset_BUSI_with_GT\benign\benign (422)_mask.png,benign,0,1,1,train
D:\Dataset_BUSI_with_GT\malignant\malignant (62).png,D:\Dataset_BUSI_with_GT\malignant\malignant (62)_mask.png,malignant,1,1,1,train
D:\Dataset_BUSI_with_GT\benign\benign (282).png,D:\Dataset_BUSI_with_GT\benign\benign (282)_mask.png,benign,0,1,1,train
D:\Dataset_BUSI_with_GT\malignant\malignant (64).png,D:\Dataset_BUSI_with_GT\malignant\malignant (64)_mask.png,malignant,1,1,1,train
D:\Dataset_BUSI_with_GT\benign\benign (113).png,D:\Dataset_BUSI_with_GT\benign\benign (113)_mask.png,benign,0,1,1,train
D:\Dataset_BUSI_with_GT\malignant\malignant (60).png,D:\Dataset_BUSI_with_GT\malignant\malignant (60)_mask.png,malignant,1,1,1,train
D:\Dataset_BUSI_with_GT\benign\benign (132).png,D:\Dataset_BUSI_with_GT\benign\benign (132)_mask.png,benign,0,1,1,train
D:\Dataset_BUSI_with_GT\benign\benign (161).png,D:\Dataset_BUSI_with_GT\benign\benign (161)_mask.png,benign,0,1,1,train
D:\Dataset_BUSI_with_GT\malignant\malignant (82).png,D:\Dataset_BUSI_with_GT\malignant\malignant (82)_mask.png,malignant,1,1,1,train
D:\Dataset_BUSI_with_GT\benign\benign (362).png,D:\Dataset_BUSI_with_GT\benign\benign (362)_mask.png,benign,0,1,1,train
D:\Dataset_BUSI_with_GT\benign\benign (434).png,D:\Dataset_BUSI_with_GT\benign\benign (434)_mask.png,benign,0,1,1,train
D:\Dataset_BUSI_with_GT\benign\benign (164).png,D:\Dataset_BUSI_with_GT\benign\benign (164)_mask.png,benign,0,1,1,train
D:\Dataset_BUSI_with_GT\benign\benign (300).png,D:\Dataset_BUSI_with_GT\benign\benign (300)_mask.png,benign,0,1,1,train
D:\Dataset_BUSI_with_GT\benign\benign (232).png,D:\Dataset_BUSI_with_GT\benign\benign (232)_mask.png,benign,0,1,1,train
D:\Dataset_BUSI_with_GT\malignant\malignant (54).png,D:\Dataset_BUSI_with_GT\malignant\malignant (54)_mask.png,malignant,1,1,1,train
D:\Dataset_BUSI_with_GT\benign\benign (310).png,D:\Dataset_BUSI_with_GT\benign\benign (310)_mask.png,benign,0,1,1,train
D:\Dataset_BUSI_with_GT\benign\benign (265).png,D:\Dataset_BUSI_with_GT\benign\benign (265)_mask.png,benign,0,1,1,train
D:\Dataset_BUSI_with_GT\benign\benign (316).png,D:\Dataset_BUSI_with_GT\benign\benign (316)_mask.png,benign,0,1,1,train
D:\Dataset_BUSI_with_GT\benign\benign (216).png,D:\Dataset_BUSI_with_GT\benign\benign (216)_mask.png,benign,0,1,1,train
D:\Dataset_BUSI_with_GT\benign\benign (66).png,D:\Dataset_BUSI_with_GT\benign\benign (66)_mask.png,benign,0,1,1,train
D:\Dataset_BUSI_with_GT\malignant\malignant (149).png,D:\Dataset_BUSI_with_GT\malignant\malignant (149)_mask.png,malignant,1,1,1,train
D:\Dataset_BUSI_with_GT\malignant\malignant (66).png,D:\Dataset_BUSI_with_GT\malignant\malignant (66)_mask.png,malignant,1,1,1,train
D:\Dataset_BUSI_with_GT\benign\benign (140).png,D:\Dataset_BUSI_with_GT\benign\benign (140)_mask.png,benign,0,1,1,train
D:\Dataset_BUSI_with_GT\benign\benign (115).png,D:\Dataset_BUSI_with_GT\benign\benign (115)_mask.png,benign,0,1,1,train
D:\Dataset_BUSI_with_GT\benign\benign (281).png,D:\Dataset_BUSI_with_GT\benign\benign (281)_mask.png,benign,0,1,1,train
D:\Dataset_BUSI_with_GT\benign\benign (79).png,D:\Dataset_BUSI_with_GT\benign\benign (79)_mask.png,benign,0,1,1,train
D:\Dataset_BUSI_with_GT\benign\benign (255).png,D:\Dataset_BUSI_with_GT\benign\benign (255)_mask.png,benign,0,1,1,train
D:\Dataset_BUSI_with_GT\benign\benign (57).png,D:\Dataset_BUSI_with_GT\benign\benign (57)_mask.png,benign,0,1,1,train
D:\Dataset_BUSI_with_GT\benign\benign (183).png,D:\Dataset_BUSI_with_GT\benign\benign (183)_mask.png,benign,0,1,1,train
D:\Dataset_BUSI_with_GT\benign\benign (85).png,D:\Dataset_BUSI_with_GT\benign\benign (85)_mask.png,benign,0,1,1,train
D:\Dataset_BUSI_with_GT\benign\benign (368).png,D:\Dataset_BUSI_with_GT\benign\benign (368)_mask.png,benign,0,1,1,train
D:\Dataset_BUSI_with_GT\benign\benign (33).png,D:\Dataset_BUSI_with_GT\benign\benign (33)_mask.png,benign,0,1,1,train
D:\Dataset_BUSI_with_GT\benign\benign (304).png,D:\Dataset_BUSI_with_GT\benign\benign (304)_mask.png,benign,0,1,1,train
D:\Dataset_BUSI_with_GT\benign\benign (381).png,D:\Dataset_BUSI_with_GT\benign\benign (381)_mask.png,benign,0,1,1,train
D:\Dataset_BUSI_with_GT\malignant\malignant (5).png,D:\Dataset_BUSI_with_GT\malignant\malignant (5)_mask.png,malignant,1,1,1,train
D:\Dataset_BUSI_with_GT\malignant\malignant (13).png,D:\Dataset_BUSI_with_GT\malignant\malignant (13)_mask.png,malignant,1,1,1,train
D:\Dataset_BUSI_with_GT\benign\benign (84).png,D:\Dataset_BUSI_with_GT\benign\benign (84)_mask.png,benign,0,1,1,train
D:\Dataset_BUSI_with_GT\malignant\malignant (39).png,D:\Dataset_BUSI_with_GT\malignant\malignant (39)_mask.png,malignant,1,1,1,train
D:\Dataset_BUSI_with_GT\benign\benign (287).png,D:\Dataset_BUSI_with_GT\benign\benign (287)_mask.png,benign,0,1,1,train
D:\Dataset_BUSI_with_GT\malignant\malignant (188).png,D:\Dataset_BUSI_with_GT\malignant\malignant (188)_mask.png,malignant,1,1,1,train
D:\Dataset_BUSI_with_GT\benign\benign (153).png,D:\Dataset_BUSI_with_GT\benign\benign (153)_mask.png,benign,0,1,1,train
D:\Dataset_BUSI_with_GT\malignant\malignant (111).png,D:\Dataset_BUSI_with_GT\malignant\malignant (111)_mask.png,malignant,1,1,1,train
D:\Dataset_BUSI_with_GT\benign\benign (341).png,D:\Dataset_BUSI_with_GT\benign\benign (341)_mask.png,benign,0,1,1,train
D:\Dataset_BUSI_with_GT\benign\benign (403).png,D:\Dataset_BUSI_with_GT\benign\benign (403)_mask.png,benign,0,1,1,train
D:\Dataset_BUSI_with_GT\benign\benign (206).png,D:\Dataset_BUSI_with_GT\benign\benign (206)_mask.png,benign,0,1,1,train
D:\Dataset_BUSI_with_GT\benign\benign (386).png,D:\Dataset_BUSI_with_GT\benign\benign (386)_mask.png,benign,0,1,1,train
D:\Dataset_BUSI_with_GT\benign\benign (77).png,D:\Dataset_BUSI_with_GT\benign\benign (77)_mask.png,benign,0,1,1,train
D:\Dataset_BUSI_with_GT\benign\benign (223).png,D:\Dataset_BUSI_with_GT\benign\benign (223)_mask.png,benign,0,1,1,train
D:\Dataset_BUSI_with_GT\benign\benign (179).png,D:\Dataset_BUSI_with_GT\benign\benign (179)_mask.png,benign,0,1,1,train
D:\Dataset_BUSI_with_GT\benign\benign (198).png,D:\Dataset_BUSI_with_GT\benign\benign (198)_mask.png,benign,0,1,1,train
D:\Dataset_BUSI_with_GT\malignant\malignant (178).png,D:\Dataset_BUSI_with_GT\malignant\malignant (178)_mask.png,malignant,1,1,1,train
D:\Dataset_BUSI_with_GT\malignant\malignant (198).png,D:\Dataset_BUSI_with_GT\malignant\malignant (198)_mask.png,malignant,1,1,1,train
D:\Dataset_BUSI_with_GT\benign\benign (48).png,D:\Dataset_BUSI_with_GT\benign\benign (48)_mask.png,benign,0,1,1,train
D:\Dataset_BUSI_with_GT\malignant\malignant (197).png,D:\Dataset_BUSI_with_GT\malignant\malignant (197)_mask.png,malignant,1,1,1,train
D:\Dataset_BUSI_with_GT\malignant\malignant (44).png,D:\Dataset_BUSI_with_GT\malignant\malignant (44)_mask.png,malignant,1,1,1,train
D:\Dataset_BUSI_with_GT\benign\benign (278).png,D:\Dataset_BUSI_with_GT\benign\benign (278)_mask.png,benign,0,1,1,train
D:\Dataset_BUSI_with_GT\benign\benign (293).png,D:\Dataset_BUSI_with_GT\benign\benign (293)_mask.png,benign,0,1,1,train
D:\Dataset_BUSI_with_GT\benign\benign (292).png,D:\Dataset_BUSI_with_GT\benign\benign (292)_mask.png,benign,0,1,1,train
D:\Dataset_BUSI_with_GT\malignant\malignant (75).png,D:\Dataset_BUSI_with_GT\malignant\malignant (75)_mask.png,malignant,1,1,1,train
D:\Dataset_BUSI_with_GT\benign\benign (399).png,D:\Dataset_BUSI_with_GT\benign\benign (399)_mask.png,benign,0,1,1,train
D:\Dataset_BUSI_with_GT\benign\benign (170).png,D:\Dataset_BUSI_with_GT\benign\benign (170)_mask.png,benign,0,1,1,train
D:\Dataset_BUSI_with_GT\benign\benign (59).png,D:\Dataset_BUSI_with_GT\benign\benign (59)_mask.png,benign,0,1,1,train
D:\Dataset_BUSI_with_GT\malignant\malignant (185).png,D:\Dataset_BUSI_with_GT\malignant\malignant (185)_mask.png,malignant,1,1,1,train
D:\Dataset_BUSI_with_GT\malignant\malignant (52).png,D:\Dataset_BUSI_with_GT\malignant\malignant (52)_mask.png,malignant,1,1,1,train
D:\Dataset_BUSI_with_GT\benign\benign (344).png,D:\Dataset_BUSI_with_GT\benign\benign (344)_mask.png,benign,0,1,1,train
D:\Dataset_BUSI_with_GT\benign\benign (405).png,D:\Dataset_BUSI_with_GT\benign\benign (405)_mask.png,benign,0,1,1,train
D:\Dataset_BUSI_with_GT\benign\benign (17).png,D:\Dataset_BUSI_with_GT\benign\benign (17)_mask.png,benign,0,1,1,train
D:\Dataset_BUSI_with_GT\malignant\malignant (181).png,D:\Dataset_BUSI_with_GT\malignant\malignant (181)_mask.png,malignant,1,1,1,train
D:\Dataset_BUSI_with_GT\benign\benign (427).png,D:\Dataset_BUSI_with_GT\benign\benign (427)_mask.png,benign,0,1,1,train
D:\Dataset_BUSI_with_GT\benign\benign (203).png,D:\Dataset_BUSI_with_GT\benign\benign (203)_mask.png,benign,0,1,1,train
D:\Dataset_BUSI_with_GT\malignant\malignant (115).png,D:\Dataset_BUSI_with_GT\malignant\malignant (115)_mask.png,malignant,1,1,1,train
D:\Dataset_BUSI_with_GT\benign\benign (383).png,D:\Dataset_BUSI_with_GT\benign\benign (383)_mask.png,benign,0,1,1,train
D:\Dataset_BUSI_with_GT\benign\benign (363).png,D:\Dataset_BUSI_with_GT\benign\benign (363)_mask.png,benign,0,1,1,train
D:\Dataset_BUSI_with_GT\malignant\malignant (79).png,D:\Dataset_BUSI_with_GT\malignant\malignant (79)_mask.png,malignant,1,1,1,train
D:\Dataset_BUSI_with_GT\malignant\malignant (207).png,D:\Dataset_BUSI_with_GT\malignant\malignant (207)_mask.png,malignant,1,1,1,train
D:\Dataset_BUSI_with_GT\malignant\malignant (131).png,D:\Dataset_BUSI_with_GT\malignant\malignant (131)_mask.png,malignant,1,1,1,train
D:\Dataset_BUSI_with_GT\benign\benign (269).png,D:\Dataset_BUSI_with_GT\benign\benign (269)_mask.png,benign,0,1,1,train
D:\Dataset_BUSI_with_GT\benign\benign (345).png,D:\Dataset_BUSI_with_GT\benign\benign (345)_mask.png,benign,0,1,1,train
D:\Dataset_BUSI_with_GT\malignant\malignant (121).png,D:\Dataset_BUSI_with_GT\malignant\malignant (121)_mask.png,malignant,1,1,1,train
D:\Dataset_BUSI_with_GT\benign\benign (138).png,D:\Dataset_BUSI_with_GT\benign\benign (138)_mask.png,benign,0,1,1,train
D:\Dataset_BUSI_with_GT\benign\benign (213).png,D:\Dataset_BUSI_with_GT\benign\benign (213)_mask.png,benign,0,1,1,train
D:\Dataset_BUSI_with_GT\benign\benign (47).png,D:\Dataset_BUSI_with_GT\benign\benign (47)_mask.png,benign,0,1,1,train
D:\Dataset_BUSI_with_GT\malignant\malignant (193).png,D:\Dataset_BUSI_with_GT\malignant\malignant (193)_mask.png,malignant,1,1,1,train
D:\Dataset_BUSI_with_GT\benign\benign (15).png,D:\Dataset_BUSI_with_GT\benign\benign (15)_mask.png,benign,0,1,1,train
D:\Dataset_BUSI_with_GT\malignant\malignant (180).png,D:\Dataset_BUSI_with_GT\malignant\malignant (180)_mask.png,malignant,1,1,1,train
D:\Dataset_BUSI_with_GT\benign\benign (247).png,D:\Dataset_BUSI_with_GT\benign\benign (247)_mask.png,benign,0,1,1,train
D:\Dataset_BUSI_with_GT\benign\benign (221).png,D:\Dataset_BUSI_with_GT\benign\benign (221)_mask.png,benign,0,1,1,train
D:\Dataset_BUSI_with_GT\benign\benign (108).png,D:\Dataset_BUSI_with_GT\benign\benign (108)_mask.png,benign,0,1,1,train
D:\Dataset_BUSI_with_GT\benign\benign (325).png,D:\Dataset_BUSI_with_GT\benign\benign (325)_mask.png,benign,0,1,1,train
D:\Dataset_BUSI_with_GT\malignant\malignant (103).png,D:\Dataset_BUSI_with_GT\malignant\malignant (103)_mask.png,malignant,1,1,1,train
D:\Dataset_BUSI_with_GT\benign\benign (330).png,D:\Dataset_BUSI_with_GT\benign\benign (330)_mask.png,benign,0,1,1,train
D:\Dataset_BUSI_with_GT\malignant\malignant (28).png,D:\Dataset_BUSI_with_GT\malignant\malignant (28)_mask.png,malignant,1,1,1,train
D:\Dataset_BUSI_with_GT\malignant\malignant (139).png,D:\Dataset_BUSI_with_GT\malignant\malignant (139)_mask.png,malignant,1,1,1,train
D:\Dataset_BUSI_with_GT\benign\benign (400).png,D:\Dataset_BUSI_with_GT\benign\benign (400)_mask.png,benign,0,1,1,train
D:\Dataset_BUSI_with_GT\benign\benign (133).png,D:\Dataset_BUSI_with_GT\benign\benign (133)_mask.png,benign,0,1,1,train
D:\Dataset_BUSI_with_GT\benign\benign (135).png,D:\Dataset_BUSI_with_GT\benign\benign (135)_mask.png,benign,0,1,1,train
D:\Dataset_BUSI_with_GT\benign\benign (328).png,D:\Dataset_BUSI_with_GT\benign\benign (328)_mask.png,benign,0,1,1,train
D:\Dataset_BUSI_with_GT\benign\benign (401).png,D:\Dataset_BUSI_with_GT\benign\benign (401)_mask.png,benign,0,1,1,train
D:\Dataset_BUSI_with_GT\benign\benign (14).png,D:\Dataset_BUSI_with_GT\benign\benign (14)_mask.png,benign,0,1,1,train
D:\Dataset_BUSI_with_GT\malignant\malignant (38).png,D:\Dataset_BUSI_with_GT\malignant\malignant (38)_mask.png,malignant,1,1,1,train
D:\Dataset_BUSI_with_GT\benign\benign (262).png,D:\Dataset_BUSI_with_GT\benign\benign (262)_mask.png,benign,0,1,1,train
D:\Dataset_BUSI_with_GT\benign\benign (222).png,D:\Dataset_BUSI_with_GT\benign\benign (222)_mask.png,benign,0,1,1,train
D:\Dataset_BUSI_with_GT\benign\benign (388).png,D:\Dataset_BUSI_with_GT\benign\benign (388)_mask.png,benign,0,1,1,train
D:\Dataset_BUSI_with_GT\malignant\malignant (114).png,D:\Dataset_BUSI_with_GT\malignant\malignant (114)_mask.png,malignant,1,1,1,train
D:\Dataset_BUSI_with_GT\benign\benign (91).png,D:\Dataset_BUSI_with_GT\benign\benign (91)_mask.png,benign,0,1,1,train
D:\Dataset_BUSI_with_GT\benign\benign (326).png,D:\Dataset_BUSI_with_GT\benign\benign (326)_mask.png,benign,0,1,1,train
D:\Dataset_BUSI_with_GT\malignant\malignant (74).png,D:\Dataset_BUSI_with_GT\malignant\malignant (74)_mask.png,malignant,1,1,1,train
D:\Dataset_BUSI_with_GT\benign\benign (154).png,D:\Dataset_BUSI_with_GT\benign\benign (154)_mask.png,benign,0,1,1,train
D:\Dataset_BUSI_with_GT\benign\benign (21).png,D:\Dataset_BUSI_with_GT\benign\benign (21)_mask.png,benign,0,1,1,train
D:\Dataset_BUSI_with_GT\benign\benign (338).png,D:\Dataset_BUSI_with_GT\benign\benign (338)_mask.png,benign,0,1,1,train
D:\Dataset_BUSI_with_GT\malignant\malignant (24).png,D:\Dataset_BUSI_with_GT\malignant\malignant (24)_mask.png,malignant,1,1,1,train
D:\Dataset_BUSI_with_GT\malignant\malignant (189).png,D:\Dataset_BUSI_with_GT\malignant\malignant (189)_mask.png,malignant,1,1,1,train
D:\Dataset_BUSI_with_GT\benign\benign (272).png,D:\Dataset_BUSI_with_GT\benign\benign (272)_mask.png,benign,0,1,1,train
D:\Dataset_BUSI_with_GT\benign\benign (376).png,D:\Dataset_BUSI_with_GT\benign\benign (376)_mask.png,benign,0,1,1,train
D:\Dataset_BUSI_with_GT\benign\benign (126).png,D:\Dataset_BUSI_with_GT\benign\benign (126)_mask.png,benign,0,1,1,train
D:\Dataset_BUSI_with_GT\benign\benign (11).png,D:\Dataset_BUSI_with_GT\benign\benign (11)_mask.png,benign,0,1,1,train
D:\Dataset_BUSI_with_GT\malignant\malignant (157).png,D:\Dataset_BUSI_with_GT\malignant\malignant (157)_mask.png,malignant,1,1,1,train
D:\Dataset_BUSI_with_GT\benign\benign (69).png,D:\Dataset_BUSI_with_GT\benign\benign (69)_mask.png,benign,0,1,1,train
D:\Dataset_BUSI_with_GT\malignant\malignant (132).png,D:\Dataset_BUSI_with_GT\malignant\malignant (132)_mask.png,malignant,1,1,1,train
D:\Dataset_BUSI_with_GT\benign\benign (202).png,D:\Dataset_BUSI_with_GT\benign\benign (202)_mask.png,benign,0,1,1,train
D:\Dataset_BUSI_with_GT\malignant\malignant (153).png,D:\Dataset_BUSI_with_GT\malignant\malignant (153)_mask.png,malignant,1,1,1,train
D:\Dataset_BUSI_with_GT\malignant\malignant (135).png,D:\Dataset_BUSI_with_GT\malignant\malignant (135)_mask.png,malignant,1,1,1,train
D:\Dataset_BUSI_with_GT\benign\benign (270).png,D:\Dataset_BUSI_with_GT\benign\benign (270)_mask.png,benign,0,1,1,train
D:\Dataset_BUSI_with_GT\benign\benign (364).png,D:\Dataset_BUSI_with_GT\benign\benign (364)_mask.png,benign,0,1,1,train
D:\Dataset_BUSI_with_GT\malignant\malignant (71).png,D:\Dataset_BUSI_with_GT\malignant\malignant (71)_mask.png,malignant,1,1,1,train
D:\Dataset_BUSI_with_GT\malignant\malignant (88).png,D:\Dataset_BUSI_with_GT\malignant\malignant (88)_mask.png,malignant,1,1,1,train
D:\Dataset_BUSI_with_GT\benign\benign (371).png,D:\Dataset_BUSI_with_GT\benign\benign (371)_mask.png,benign,0,1,1,train
D:\Dataset_BUSI_with_GT\malignant\malignant (108).png,D:\Dataset_BUSI_with_GT\malignant\malignant (108)_mask.png,malignant,1,1,1,train
D:\Dataset_BUSI_with_GT\benign\benign (116).png,D:\Dataset_BUSI_with_GT\benign\benign (116)_mask.png,benign,0,1,1,train
D:\Dataset_BUSI_with_GT\benign\benign (289).png,D:\Dataset_BUSI_with_GT\benign\benign (289)_mask.png,benign,0,1,1,train
D:\Dataset_BUSI_with_GT\benign\benign (357).png,D:\Dataset_BUSI_with_GT\benign\benign (357)_mask.png,benign,0,1,1,train
D:\Dataset_BUSI_with_GT\benign\benign (78).png,D:\Dataset_BUSI_with_GT\benign\benign (78)_mask.png,benign,0,1,1,train
D:\Dataset_BUSI_with_GT\benign\benign (106).png,D:\Dataset_BUSI_with_GT\benign\benign (106)_mask.png,benign,0,1,1,train
D:\Dataset_BUSI_with_GT\malignant\malignant (165).png,D:\Dataset_BUSI_with_GT\malignant\malignant (165)_mask.png,malignant,1,1,1,train
D:\Dataset_BUSI_with_GT\benign\benign (426).png,D:\Dataset_BUSI_with_GT\benign\benign (426)_mask.png,benign,0,1,1,train
D:\Dataset_BUSI_with_GT\benign\benign (373).png,D:\Dataset_BUSI_with_GT\benign\benign (373)_mask.png,benign,0,1,1,train
D:\Dataset_BUSI_with_GT\benign\benign (361).png,D:\Dataset_BUSI_with_GT\benign\benign (361)_mask.png,benign,0,1,1,train
D:\Dataset_BUSI_with_GT\benign\benign (205).png,D:\Dataset_BUSI_with_GT\benign\benign (205)_mask.png,benign,0,1,1,train
D:\Dataset_BUSI_with_GT\benign\benign (333).png,D:\Dataset_BUSI_with_GT\benign\benign (333)_mask.png,benign,0,1,1,train
D:\Dataset_BUSI_with_GT\malignant\malignant (67).png,D:\Dataset_BUSI_with_GT\malignant\malignant (67)_mask.png,malignant,1,1,1,train
D:\Dataset_BUSI_with_GT\malignant\malignant (21).png,D:\Dataset_BUSI_with_GT\malignant\malignant (21)_mask.png,malignant,1,1,1,train
D:\Dataset_BUSI_with_GT\benign\benign (258).png,D:\Dataset_BUSI_with_GT\benign\benign (258)_mask.png,benign,0,1,1,train
D:\Dataset_BUSI_with_GT\malignant\malignant (17).png,D:\Dataset_BUSI_with_GT\malignant\malignant (17)_mask.png,malignant,1,1,1,train
D:\Dataset_BUSI_with_GT\malignant\malignant (113).png,D:\Dataset_BUSI_with_GT\malignant\malignant (113)_mask.png,malignant,1,1,1,train
D:\Dataset_BUSI_with_GT\malignant\malignant (50).png,D:\Dataset_BUSI_with_GT\malignant\malignant (50)_mask.png,malignant,1,1,1,train
D:\Dataset_BUSI_with_GT\malignant\malignant (56).png,D:\Dataset_BUSI_with_GT\malignant\malignant (56)_mask.png,malignant,1,1,1,train
D:\Dataset_BUSI_with_GT\benign\benign (146).png,D:\Dataset_BUSI_with_GT\benign\benign (146)_mask.png,benign,0,1,1,train
D:\Dataset_BUSI_with_GT\malignant\malignant (6).png,D:\Dataset_BUSI_with_GT\malignant\malignant (6)_mask.png,malignant,1,1,1,train
D:\Dataset_BUSI_with_GT\benign\benign (49).png,D:\Dataset_BUSI_with_GT\benign\benign (49)_mask.png,benign,0,1,1,train
D:\Dataset_BUSI_with_GT\malignant\malignant (99).png,D:\Dataset_BUSI_with_GT\malignant\malignant (99)_mask.png,malignant,1,1,1,train
D:\Dataset_BUSI_with_GT\benign\benign (320).png,D:\Dataset_BUSI_with_GT\benign\benign (320)_mask.png,benign,0,1,1,train
D:\Dataset_BUSI_with_GT\benign\benign (211).png,D:\Dataset_BUSI_with_GT\benign\benign (211)_mask.png,benign,0,1,1,train
D:\Dataset_BUSI_with_GT\benign\benign (283).png,D:\Dataset_BUSI_with_GT\benign\benign (283)_mask.png,benign,0,1,1,train
D:\Dataset_BUSI_with_GT\benign\benign (241).png,D:\Dataset_BUSI_with_GT\benign\benign (241)_mask.png,benign,0,1,1,train
D:\Dataset_BUSI_with_GT\malignant\malignant (136).png,D:\Dataset_BUSI_with_GT\malignant\malignant (136)_mask.png,malignant,1,1,1,train
D:\Dataset_BUSI_with_GT\malignant\malignant (162).png,D:\Dataset_BUSI_with_GT\malignant\malignant (162)_mask.png,malignant,1,1,1,train
D:\Dataset_BUSI_with_GT\malignant\malignant (196).png,D:\Dataset_BUSI_with_GT\malignant\malignant (196)_mask.png,malignant,1,1,1,train
D:\Dataset_BUSI_with_GT\benign\benign (429).png,D:\Dataset_BUSI_with_GT\benign\benign (429)_mask.png,benign,0,1,1,train
D:\Dataset_BUSI_with_GT\malignant\malignant (86).png,D:\Dataset_BUSI_with_GT\malignant\malignant (86)_mask.png,malignant,1,1,1,train
D:\Dataset_BUSI_with_GT\benign\benign (327).png,D:\Dataset_BUSI_with_GT\benign\benign (327)_mask.png,benign,0,1,1,train
D:\Dataset_BUSI_with_GT\benign\benign (406).png,D:\Dataset_BUSI_with_GT\benign\benign (406)_mask.png,benign,0,1,1,train
D:\Dataset_BUSI_with_GT\benign\benign (97).png,D:\Dataset_BUSI_with_GT\benign\benign (97)_mask.png,benign,0,1,1,train
D:\Dataset_BUSI_with_GT\benign\benign (162).png,D:\Dataset_BUSI_with_GT\benign\benign (162)_mask.png,benign,0,1,1,train
D:\Dataset_BUSI_with_GT\benign\benign (393).png,D:\Dataset_BUSI_with_GT\benign\benign (393)_mask.png,benign,0,1,1,train
D:\Dataset_BUSI_with_GT\malignant\malignant (11).png,D:\Dataset_BUSI_with_GT\malignant\malignant (11)_mask.png,malignant,1,1,1,train
D:\Dataset_BUSI_with_GT\malignant\malignant (58).png,D:\Dataset_BUSI_with_GT\malignant\malignant (58)_mask.png,malignant,1,1,1,train
D:\Dataset_BUSI_with_GT\benign\benign (72).png,D:\Dataset_BUSI_with_GT\benign\benign (72)_mask.png,benign,0,1,1,train
D:\Dataset_BUSI_with_GT\benign\benign (210).png,D:\Dataset_BUSI_with_GT\benign\benign (210)_mask.png,benign,0,1,1,train
D:\Dataset_BUSI_with_GT\malignant\malignant (174).png,D:\Dataset_BUSI_with_GT\malignant\malignant (174)_mask.png,malignant,1,1,1,train
D:\Dataset_BUSI_with_GT\benign\benign (242).png,D:\Dataset_BUSI_with_GT\benign\benign (242)_mask.png,benign,0,1,1,train
D:\Dataset_BUSI_with_GT\malignant\malignant (123).png,D:\Dataset_BUSI_with_GT\malignant\malignant (123)_mask.png,malignant,1,1,1,train
D:\Dataset_BUSI_with_GT\benign\benign (94).png,D:\Dataset_BUSI_with_GT\benign\benign (94)_mask.png,benign,0,1,1,train
D:\Dataset_BUSI_with_GT\benign\benign (22).png,D:\Dataset_BUSI_with_GT\benign\benign (22)_mask.png,benign,0,1,1,train
D:\Dataset_BUSI_with_GT\benign\benign (430).png,D:\Dataset_BUSI_with_GT\benign\benign (430)_mask.png,benign,0,1,1,train
D:\Dataset_BUSI_with_GT\malignant\malignant (90).png,D:\Dataset_BUSI_with_GT\malignant\malignant (90)_mask.png,malignant,1,1,1,train
D:\Dataset_BUSI_with_GT\malignant\malignant (122).png,D:\Dataset_BUSI_with_GT\malignant\malignant (122)_mask.png,malignant,1,1,1,train
D:\Dataset_BUSI_with_GT\benign\benign (306).png,D:\Dataset_BUSI_with_GT\benign\benign (306)_mask.png,benign,0,1,1,train
D:\Dataset_BUSI_with_GT\malignant\malignant (191).png,D:\Dataset_BUSI_with_GT\malignant\malignant (191)_mask.png,malignant,1,1,1,train
D:\Dataset_BUSI_with_GT\benign\benign (260).png,D:\Dataset_BUSI_with_GT\benign\benign (260)_mask.png,benign,0,1,1,train
D:\Dataset_BUSI_with_GT\benign\benign (159).png,D:\Dataset_BUSI_with_GT\benign\benign (159)_mask.png,benign,0,1,1,train
D:\Dataset_BUSI_with_GT\benign\benign (319).png,D:\Dataset_BUSI_with_GT\benign\benign (319)_mask.png,benign,0,1,1,train
D:\Dataset_BUSI_with_GT\benign\benign (295).png,D:\Dataset_BUSI_with_GT\benign\benign (295)_mask.png,benign,0,1,1,train
D:\Dataset_BUSI_with_GT\benign\benign (303).png,D:\Dataset_BUSI_with_GT\benign\benign (303)_mask.png,benign,0,1,1,train
D:\Dataset_BUSI_with_GT\malignant\malignant (134).png,D:\Dataset_BUSI_with_GT\malignant\malignant (134)_mask.png,malignant,1,1,1,train
D:\Dataset_BUSI_with_GT\benign\benign (151).png,D:\Dataset_BUSI_with_GT\benign\benign (151)_mask.png,benign,0,1,1,train
D:\Dataset_BUSI_with_GT\malignant\malignant (87).png,D:\Dataset_BUSI_with_GT\malignant\malignant (87)_mask.png,malignant,1,1,1,train
D:\Dataset_BUSI_with_GT\benign\benign (102).png,D:\Dataset_BUSI_with_GT\benign\benign (102)_mask.png,benign,0,1,1,train
D:\Dataset_BUSI_with_GT\benign\benign (209).png,D:\Dataset_BUSI_with_GT\benign\benign (209)_mask.png,benign,0,1,1,train
D:\Dataset_BUSI_with_GT\benign\benign (172).png,D:\Dataset_BUSI_with_GT\benign\benign (172)_mask.png,benign,0,1,1,train
D:\Dataset_BUSI_with_GT\benign\benign (378).png,D:\Dataset_BUSI_with_GT\benign\benign (378)_mask.png,benign,0,1,1,train
D:\Dataset_BUSI_with_GT\benign\benign (76).png,D:\Dataset_BUSI_with_GT\benign\benign (76)_mask.png,benign,0,1,1,train
D:\Dataset_BUSI_with_GT\malignant\malignant (150).png,D:\Dataset_BUSI_with_GT\malignant\malignant (150)_mask.png,malignant,1,1,1,train
D:\Dataset_BUSI_with_GT\malignant\malignant (41).png,D:\Dataset_BUSI_with_GT\malignant\malignant (41)_mask.png,malignant,1,1,1,train
D:\Dataset_BUSI_with_GT\benign\benign (290).png,D:\Dataset_BUSI_with_GT\benign\benign (290)_mask.png,benign,0,1,1,train
D:\Dataset_BUSI_with_GT\benign\benign (428).png,D:\Dataset_BUSI_with_GT\benign\benign (428)_mask.png,benign,0,1,1,train
D:\Dataset_BUSI_with_GT\malignant\malignant (130).png,D:\Dataset_BUSI_with_GT\malignant\malignant (130)_mask.png,malignant,1,1,1,train
D:\Dataset_BUSI_with_GT\malignant\malignant (154).png,D:\Dataset_BUSI_with_GT\malignant\malignant (154)_mask.png,malignant,1,1,1,train
D:\Dataset_BUSI_with_GT\benign\benign (67).png,D:\Dataset_BUSI_with_GT\benign\benign (67)_mask.png,benign,0,1,1,train
D:\Dataset_BUSI_with_GT\benign\benign (12).png,D:\Dataset_BUSI_with_GT\benign\benign (12)_mask.png,benign,0,1,1,train
D:\Dataset_BUSI_with_GT\benign\benign (45).png,D:\Dataset_BUSI_with_GT\benign\benign (45)_mask.png,benign,0,1,1,train
D:\Dataset_BUSI_with_GT\malignant\malignant (91).png,D:\Dataset_BUSI_with_GT\malignant\malignant (91)_mask.png,malignant,1,1,1,train
D:\Dataset_BUSI_with_GT\benign\benign (233).png,D:\Dataset_BUSI_with_GT\benign\benign (233)_mask.png,benign,0,1,1,train
D:\Dataset_BUSI_with_GT\malignant\malignant (147).png,D:\Dataset_BUSI_with_GT\malignant\malignant (147)_mask.png,malignant,1,1,1,train
D:\Dataset_BUSI_with_GT\benign\benign (252).png,D:\Dataset_BUSI_with_GT\benign\benign (252)_mask.png,benign,0,1,1,train
D:\Dataset_BUSI_with_GT\benign\benign (157).png,D:\Dataset_BUSI_with_GT\benign\benign (157)_mask.png,benign,0,1,1,train
D:\Dataset_BUSI_with_GT\malignant\malignant (43).png,D:\Dataset_BUSI_with_GT\malignant\malignant (43)_mask.png,malignant,1,1,1,train
D:\Dataset_BUSI_with_GT\benign\benign (18).png,D:\Dataset_BUSI_with_GT\benign\benign (18)_mask.png,benign,0,1,1,train
D:\Dataset_BUSI_with_GT\benign\benign (134).png,D:\Dataset_BUSI_with_GT\benign\benign (134)_mask.png,benign,0,1,1,train
D:\Dataset_BUSI_with_GT\malignant\malignant (98).png,D:\Dataset_BUSI_with_GT\malignant\malignant (98)_mask.png,malignant,1,1,1,train
D:\Dataset_BUSI_with_GT\benign\benign (39).png,D:\Dataset_BUSI_with_GT\benign\benign (39)_mask.png,benign,0,1,1,train
D:\Dataset_BUSI_with_GT\malignant\malignant (144).png,D:\Dataset_BUSI_with_GT\malignant\malignant (144)_mask.png,malignant,1,1,1,train
D:\Dataset_BUSI_with_GT\malignant\malignant (160).png,D:\Dataset_BUSI_with_GT\malignant\malignant (160)_mask.png,malignant,1,1,1,train
D:\Dataset_BUSI_with_GT\benign\benign (419).png,D:\Dataset_BUSI_with_GT\benign\benign (419)_mask.png,benign,0,1,1,train
D:\Dataset_BUSI_with_GT\benign\benign (229).png,D:\Dataset_BUSI_with_GT\benign\benign (229)_mask.png,benign,0,1,1,train
D:\Dataset_BUSI_with_GT\benign\benign (81).png,D:\Dataset_BUSI_with_GT\benign\benign (81)_mask.png,benign,0,1,1,train
D:\Dataset_BUSI_with_GT\benign\benign (32).png,D:\Dataset_BUSI_with_GT\benign\benign (32)_mask.png,benign,0,1,1,train
D:\Dataset_BUSI_with_GT\benign\benign (256).png,D:\Dataset_BUSI_with_GT\benign\benign (256)_mask.png,benign,0,1,1,train
D:\Dataset_BUSI_with_GT\benign\benign (435).png,D:\Dataset_BUSI_with_GT\benign\benign (435)_mask.png,benign,0,1,1,train
D:\Dataset_BUSI_with_GT\benign\benign (294).png,D:\Dataset_BUSI_with_GT\benign\benign (294)_mask.png,benign,0,1,1,train
D:\Dataset_BUSI_with_GT\benign\benign (28).png,D:\Dataset_BUSI_with_GT\benign\benign (28)_mask.png,benign,0,1,1,train
D:\Dataset_BUSI_with_GT\benign\benign (321).png,D:\Dataset_BUSI_with_GT\benign\benign (321)_mask.png,benign,0,1,1,train
D:\Dataset_BUSI_with_GT\benign\benign (207).png,D:\Dataset_BUSI_with_GT\benign\benign (207)_mask.png,benign,0,1,1,train
D:\Dataset_BUSI_with_GT\benign\benign (120).png,D:\Dataset_BUSI_with_GT\benign\benign (120)_mask.png,benign,0,1,1,train
D:\Dataset_BUSI_with_GT\malignant\malignant (33).png,D:\Dataset_BUSI_with_GT\malignant\malignant (33)_mask.png,malignant,1,1,1,train
D:\Dataset_BUSI_with_GT\benign\benign (171).png,D:\Dataset_BUSI_with_GT\benign\benign (171)_mask.png,benign,0,1,1,train
D:\Dataset_BUSI_with_GT\malignant\malignant (203).png,D:\Dataset_BUSI_with_GT\malignant\malignant (203)_mask.png,malignant,1,1,1,train
D:\Dataset_BUSI_with_GT\benign\benign (187).png,D:\Dataset_BUSI_with_GT\benign\benign (187)_mask.png,benign,0,1,1,train
D:\Dataset_BUSI_with_GT\benign\benign (16).png,D:\Dataset_BUSI_with_GT\benign\benign (16)_mask.png,benign,0,1,1,train
D:\Dataset_BUSI_with_GT\malignant\malignant (30).png,D:\Dataset_BUSI_with_GT\malignant\malignant (30)_mask.png,malignant,1,1,1,train
D:\Dataset_BUSI_with_GT\benign\benign (121).png,D:\Dataset_BUSI_with_GT\benign\benign (121)_mask.png,benign,0,1,1,train
D:\Dataset_BUSI_with_GT\benign\benign (190).png,D:\Dataset_BUSI_with_GT\benign\benign (190)_mask.png,benign,0,1,1,train
D:\Dataset_BUSI_with_GT\benign\benign (307).png,D:\Dataset_BUSI_with_GT\benign\benign (307)_mask.png,benign,0,1,1,train
D:\Dataset_BUSI_with_GT\benign\benign (1).png,D:\Dataset_BUSI_with_GT\benign\benign (1)_mask.png,benign,0,1,1,train
D:\Dataset_BUSI_with_GT\benign\benign (42).png,D:\Dataset_BUSI_with_GT\benign\benign (42)_mask.png,benign,0,1,1,train
D:\Dataset_BUSI_with_GT\malignant\malignant (192).png,D:\Dataset_BUSI_with_GT\malignant\malignant (192)_mask.png,malignant,1,1,1,train
D:\Dataset_BUSI_with_GT\benign\benign (348).png,D:\Dataset_BUSI_with_GT\benign\benign (348)_mask.png,benign,0,1,1,train
D:\Dataset_BUSI_with_GT\malignant\malignant (77).png,D:\Dataset_BUSI_with_GT\malignant\malignant (77)_mask.png,malignant,1,1,1,train
D:\Dataset_BUSI_with_GT\benign\benign (167).png,D:\Dataset_BUSI_with_GT\benign\benign (167)_mask.png,benign,0,1,1,train
D:\Dataset_BUSI_with_GT\malignant\malignant (159).png,D:\Dataset_BUSI_with_GT\malignant\malignant (159)_mask.png,malignant,1,1,1,train
D:\Dataset_BUSI_with_GT\benign\benign (8).png,D:\Dataset_BUSI_with_GT\benign\benign (8)_mask.png,benign,0,1,1,train
D:\Dataset_BUSI_with_GT\benign\benign (379).png,D:\Dataset_BUSI_with_GT\benign\benign (379)_mask.png,benign,0,1,1,train
D:\Dataset_BUSI_with_GT\benign\benign (36).png,D:\Dataset_BUSI_with_GT\benign\benign (36)_mask.png,benign,0,1,1,train
D:\Dataset_BUSI_with_GT\malignant\malignant (35).png,D:\Dataset_BUSI_with_GT\malignant\malignant (35)_mask.png,malignant,1,1,1,train
D:\Dataset_BUSI_with_GT\benign\benign (41).png,D:\Dataset_BUSI_with_GT\benign\benign (41)_mask.png,benign,0,1,1,train
D:\Dataset_BUSI_with_GT\malignant\malignant (9).png,D:\Dataset_BUSI_with_GT\malignant\malignant (9)_mask.png,malignant,1,1,1,train
D:\Dataset_BUSI_with_GT\malignant\malignant (104).png,D:\Dataset_BUSI_with_GT\malignant\malignant (104)_mask.png,malignant,1,1,1,train
D:\Dataset_BUSI_with_GT\benign\benign (409).png,D:\Dataset_BUSI_with_GT\benign\benign (409)_mask.png,benign,0,1,1,train
D:\Dataset_BUSI_with_GT\benign\benign (122).png,D:\Dataset_BUSI_with_GT\benign\benign (122)_mask.png,benign,0,1,1,train
D:\Dataset_BUSI_with_GT\benign\benign (231).png,D:\Dataset_BUSI_with_GT\benign\benign (231)_mask.png,benign,0,1,1,train
D:\Dataset_BUSI_with_GT\malignant\malignant (73).png,D:\Dataset_BUSI_with_GT\malignant\malignant (73)_mask.png,malignant,1,1,1,train
D:\Dataset_BUSI_with_GT\benign\benign (20).png,D:\Dataset_BUSI_with_GT\benign\benign (20)_mask.png,benign,0,1,1,train
D:\Dataset_BUSI_with_GT\benign\benign (302).png,D:\Dataset_BUSI_with_GT\benign\benign (302)_mask.png,benign,0,1,1,train
D:\Dataset_BUSI_with_GT\benign\benign (271).png,D:\Dataset_BUSI_with_GT\benign\benign (271)_mask.png,benign,0,1,1,train
D:\Dataset_BUSI_with_GT\malignant\malignant (155).png,D:\Dataset_BUSI_with_GT\malignant\malignant (155)_mask.png,malignant,1,1,1,train
D:\Dataset_BUSI_with_GT\benign\benign (177).png,D:\Dataset_BUSI_with_GT\benign\benign (177)_mask.png,benign,0,1,1,train
D:\Dataset_BUSI_with_GT\benign\benign (26).png,D:\Dataset_BUSI_with_GT\benign\benign (26)_mask.png,benign,0,1,1,train
D:\Dataset_BUSI_with_GT\benign\benign (391).png,D:\Dataset_BUSI_with_GT\benign\benign (391)_mask.png,benign,0,1,1,train
D:\Dataset_BUSI_with_GT\benign\benign (61).png,D:\Dataset_BUSI_with_GT\benign\benign (61)_mask.png,benign,0,1,1,train
D:\Dataset_BUSI_with_GT\benign\benign (95).png,D:\Dataset_BUSI_with_GT\benign\benign (95)_mask.png,benign,0,1,1,train
D:\Dataset_BUSI_with_GT\benign\benign (380).png,D:\Dataset_BUSI_with_GT\benign\benign (380)_mask.png,benign,0,1,1,train
D:\Dataset_BUSI_with_GT\benign\benign (266).png,D:\Dataset_BUSI_with_GT\benign\benign (266)_mask.png,benign,0,1,1,train
D:\Dataset_BUSI_with_GT\benign\benign (189).png,D:\Dataset_BUSI_with_GT\benign\benign (189)_mask.png,benign,0,1,1,train
D:\Dataset_BUSI_with_GT\malignant\malignant (46).png,D:\Dataset_BUSI_with_GT\malignant\malignant (46)_mask.png,malignant,1,1,1,train
D:\Dataset_BUSI_with_GT\benign\benign (166).png,D:\Dataset_BUSI_with_GT\benign\benign (166)_mask.png,benign,0,1,1,train
D:\Dataset_BUSI_with_GT\malignant\malignant (194).png,D:\Dataset_BUSI_with_GT\malignant\malignant (194)_mask.png,malignant,1,1,1,train
D:\Dataset_BUSI_with_GT\benign\benign (214).png,D:\Dataset_BUSI_with_GT\benign\benign (214)_mask.png,benign,0,1,1,train
D:\Dataset_BUSI_with_GT\benign\benign (437).png,D:\Dataset_BUSI_with_GT\benign\benign (437)_mask.png,benign,0,1,1,train
D:\Dataset_BUSI_with_GT\malignant\malignant (179).png,D:\Dataset_BUSI_with_GT\malignant\malignant (179)_mask.png,malignant,1,1,1,train
D:\Dataset_BUSI_with_GT\benign\benign (89).png,D:\Dataset_BUSI_with_GT\benign\benign (89)_mask.png,benign,0,1,1,train
D:\Dataset_BUSI_with_GT\benign\benign (60).png,D:\Dataset_BUSI_with_GT\benign\benign (60)_mask.png,benign,0,1,1,train
D:\Dataset_BUSI_with_GT\benign\benign (410).png,D:\Dataset_BUSI_with_GT\benign\benign (410)_mask.png,benign,0,1,1,train
D:\Dataset_BUSI_with_GT\benign\benign (53).png,D:\Dataset_BUSI_with_GT\benign\benign (53)_mask.png,benign,0,1,1,train
D:\Dataset_BUSI_with_GT\benign\benign (335).png,D:\Dataset_BUSI_with_GT\benign\benign (335)_mask.png,benign,0,1,1,train
D:\Dataset_BUSI_with_GT\malignant\malignant (152).png,D:\Dataset_BUSI_with_GT\malignant\malignant (152)_mask.png,malignant,1,1,1,train
D:\Dataset_BUSI_with_GT\benign\benign (160).png,D:\Dataset_BUSI_with_GT\benign\benign (160)_mask.png,benign,0,1,1,train
D:\Dataset_BUSI_with_GT\benign\benign (68).png,D:\Dataset_BUSI_with_GT\benign\benign (68)_mask.png,benign,0,1,1,train
D:\Dataset_BUSI_with_GT\benign\benign (268).png,D:\Dataset_BUSI_with_GT\benign\benign (268)_mask.png,benign,0,1,1,train
D:\Dataset_BUSI_with_GT\benign\benign (236).png,D:\Dataset_BUSI_with_GT\benign\benign (236)_mask.png,benign,0,1,1,train
D:\Dataset_BUSI_with_GT\benign\benign (354).png,D:\Dataset_BUSI_with_GT\benign\benign (354)_mask.png,benign,0,1,1,train
D:\Dataset_BUSI_with_GT\benign\benign (169).png,D:\Dataset_BUSI_with_GT\benign\benign (169)_mask.png,benign,0,1,1,train
D:\Dataset_BUSI_with_GT\malignant\malignant (45).png,D:\Dataset_BUSI_with_GT\malignant\malignant (45)_mask.png,malignant,1,1,1,train
D:\Dataset_BUSI_with_GT\benign\benign (235).png,D:\Dataset_BUSI_with_GT\benign\benign (235)_mask.png,benign,0,1,1,train
D:\Dataset_BUSI_with_GT\benign\benign (374).png,D:\Dataset_BUSI_with_GT\benign\benign (374)_mask.png,benign,0,1,1,train
D:\Dataset_BUSI_with_GT\benign\benign (197).png,D:\Dataset_BUSI_with_GT\benign\benign (197)_mask.png,benign,0,1,1,train
D:\Dataset_BUSI_with_GT\malignant\malignant (127).png,D:\Dataset_BUSI_with_GT\malignant\malignant (127)_mask.png,malignant,1,1,1,train
D:\Dataset_BUSI_with_GT\benign\benign (74).png,D:\Dataset_BUSI_with_GT\benign\benign (74)_mask.png,benign,0,1,1,train
D:\Dataset_BUSI_with_GT\benign\benign (51).png,D:\Dataset_BUSI_with_GT\benign\benign (51)_mask.png,benign,0,1,1,train
D:\Dataset_BUSI_with_GT\benign\benign (5).png,D:\Dataset_BUSI_with_GT\benign\benign (5)_mask.png,benign,0,1,1,train
D:\Dataset_BUSI_with_GT\malignant\malignant (117).png,D:\Dataset_BUSI_with_GT\malignant\malignant (117)_mask.png,malignant,1,1,1,train
D:\Dataset_BUSI_with_GT\malignant\malignant (169).png,D:\Dataset_BUSI_with_GT\malignant\malignant (169)_mask.png,malignant,1,1,1,train
D:\Dataset_BUSI_with_GT\benign\benign (284).png,D:\Dataset_BUSI_with_GT\benign\benign (284)_mask.png,benign,0,1,1,train
D:\Dataset_BUSI_with_GT\benign\benign (227).png,D:\Dataset_BUSI_with_GT\benign\benign (227)_mask.png,benign,0,1,1,train
D:\Dataset_BUSI_with_GT\malignant\malignant (20).png,D:\Dataset_BUSI_with_GT\malignant\malignant (20)_mask.png,malignant,1,1,1,train
D:\Dataset_BUSI_with_GT\benign\benign (56).png,D:\Dataset_BUSI_with_GT\benign\benign (56)_mask.png,benign,0,1,1,train
D:\Dataset_BUSI_with_GT\malignant\malignant (126).png,D:\Dataset_BUSI_with_GT\malignant\malignant (126)_mask.png,malignant,1,1,1,train
D:\Dataset_BUSI_with_GT\benign\benign (65).png,D:\Dataset_BUSI_with_GT\benign\benign (65)_mask.png,benign,0,1,1,train
D:\Dataset_BUSI_with_GT\benign\benign (301).png,D:\Dataset_BUSI_with_GT\benign\benign (301)_mask.png,benign,0,1,1,train
D:\Dataset_BUSI_with_GT\malignant\malignant (32).png,D:\Dataset_BUSI_with_GT\malignant\malignant (32)_mask.png,malignant,1,1,1,train
D:\Dataset_BUSI_with_GT\benign\benign (188).png,D:\Dataset_BUSI_with_GT\benign\benign (188)_mask.png,benign,0,1,1,train
D:\Dataset_BUSI_with_GT\benign\benign (245).png,D:\Dataset_BUSI_with_GT\benign\benign (245)_mask.png,benign,0,1,1,train
D:\Dataset_BUSI_with_GT\benign\benign (313).png,D:\Dataset_BUSI_with_GT\benign\benign (313)_mask.png,benign,0,1,1,train
D:\Dataset_BUSI_with_GT\malignant\malignant (167).png,D:\Dataset_BUSI_with_GT\malignant\malignant (167)_mask.png,malignant,1,1,1,train
D:\Dataset_BUSI_with_GT\benign\benign (117).png,D:\Dataset_BUSI_with_GT\benign\benign (117)_mask.png,benign,0,1,1,train
D:\Dataset_BUSI_with_GT\malignant\malignant (57).png,D:\Dataset_BUSI_with_GT\malignant\malignant (57)_mask.png,malignant,1,1,1,train
D:\Dataset_BUSI_with_GT\benign\benign (234).png,D:\Dataset_BUSI_with_GT\benign\benign (234)_mask.png,benign,0,1,1,train
D:\Dataset_BUSI_with_GT\benign\benign (279).png,D:\Dataset_BUSI_with_GT\benign\benign (279)_mask.png,benign,0,1,1,train
D:\Dataset_BUSI_with_GT\benign\benign (184).png,D:\Dataset_BUSI_with_GT\benign\benign (184)_mask.png,benign,0,1,1,train
D:\Dataset_BUSI_with_GT\malignant\malignant (200).png,D:\Dataset_BUSI_with_GT\malignant\malignant (200)_mask.png,malignant,1,1,1,train
D:\Dataset_BUSI_with_GT\benign\benign (365).png,D:\Dataset_BUSI_with_GT\benign\benign (365)_mask.png,benign,0,1,1,train
D:\Dataset_BUSI_with_GT\benign\benign (237).png,D:\Dataset_BUSI_with_GT\benign\benign (237)_mask.png,benign,0,1,1,train
D:\Dataset_BUSI_with_GT\malignant\malignant (93).png,D:\Dataset_BUSI_with_GT\malignant\malignant (93)_mask.png,malignant,1,1,1,train
D:\Dataset_BUSI_with_GT\benign\benign (312).png,D:\Dataset_BUSI_with_GT\benign\benign (312)_mask.png,benign,0,1,1,train
D:\Dataset_BUSI_with_GT\benign\benign (264).png,D:\Dataset_BUSI_with_GT\benign\benign (264)_mask.png,benign,0,1,1,train
D:\Dataset_BUSI_with_GT\benign\benign (432).png,D:\Dataset_BUSI_with_GT\benign\benign (432)_mask.png,benign,0,1,1,train
D:\Dataset_BUSI_with_GT\benign\benign (263).png,D:\Dataset_BUSI_with_GT\benign\benign (263)_mask.png,benign,0,1,1,train
D:\Dataset_BUSI_with_GT\benign\benign (395).png,D:\Dataset_BUSI_with_GT\benign\benign (395)_mask.png,benign,0,1,1,train
D:\Dataset_BUSI_with_GT\benign\benign (314).png,D:\Dataset_BUSI_with_GT\benign\benign (314)_mask.png,benign,0,1,1,train
D:\Dataset_BUSI_with_GT\benign\benign (425).png,D:\Dataset_BUSI_with_GT\benign\benign (425)_mask.png,benign,0,1,1,train
D:\Dataset_BUSI_with_GT\benign\benign (415).png,D:\Dataset_BUSI_with_GT\benign\benign (415)_mask.png,benign,0,1,1,train
D:\Dataset_BUSI_with_GT\malignant\malignant (146).png,D:\Dataset_BUSI_with_GT\malignant\malignant (146)_mask.png,malignant,1,1,1,train
D:\Dataset_BUSI_with_GT\benign\benign (86).png,D:\Dataset_BUSI_with_GT\benign\benign (86)_mask.png,benign,0,1,1,train
D:\Dataset_BUSI_with_GT\benign\benign (168).png,D:\Dataset_BUSI_with_GT\benign\benign (168)_mask.png,benign,0,1,1,train
D:\Dataset_BUSI_with_GT\malignant\malignant (116).png,D:\Dataset_BUSI_with_GT\malignant\malignant (116)_mask.png,malignant,1,1,1,train
D:\Dataset_BUSI_with_GT\malignant\malignant (63).png,D:\Dataset_BUSI_with_GT\malignant\malignant (63)_mask.png,malignant,1,1,1,train
D:\Dataset_BUSI_with_GT\malignant\malignant (105).png,D:\Dataset_BUSI_with_GT\malignant\malignant (105)_mask.png,malignant,1,1,1,train
D:\Dataset_BUSI_with_GT\benign\benign (411).png,D:\Dataset_BUSI_with_GT\benign\benign (411)_mask.png,benign,0,1,1,train
D:\Dataset_BUSI_with_GT\benign\benign (369).png,D:\Dataset_BUSI_with_GT\benign\benign (369)_mask.png,benign,0,1,1,train
D:\Dataset_BUSI_with_GT\benign\benign (13).png,D:\Dataset_BUSI_with_GT\benign\benign (13)_mask.png,benign,0,1,1,train
D:\Dataset_BUSI_with_GT\benign\benign (356).png,D:\Dataset_BUSI_with_GT\benign\benign (356)_mask.png,benign,0,1,1,train
D:\Dataset_BUSI_with_GT\benign\benign (230).png,D:\Dataset_BUSI_with_GT\benign\benign (230)_mask.png,benign,0,1,1,train
D:\Dataset_BUSI_with_GT\benign\benign (398).png,D:\Dataset_BUSI_with_GT\benign\benign (398)_mask.png,benign,0,1,1,train
D:\Dataset_BUSI_with_GT\malignant\malignant (40).png,D:\Dataset_BUSI_with_GT\malignant\malignant (40)_mask.png,malignant,1,1,1,train
D:\Dataset_BUSI_with_GT\malignant\malignant (208).png,D:\Dataset_BUSI_with_GT\malignant\malignant (208)_mask.png,malignant,1,1,1,train
D:\Dataset_BUSI_with_GT\malignant\malignant (100).png,D:\Dataset_BUSI_with_GT\malignant\malignant (100)_mask.png,malignant,1,1,1,train
D:\Dataset_BUSI_with_GT\malignant\malignant (142).png,D:\Dataset_BUSI_with_GT\malignant\malignant (142)_mask.png,malignant,1,1,1,train
D:\Dataset_BUSI_with_GT\malignant\malignant (55).png,D:\Dataset_BUSI_with_GT\malignant\malignant (55)_mask.png,malignant,1,1,1,train
