fold,index,image_path,class_name,dice,iou,precision,recall,specificity,tp_pixels,fp_pixels,fn_pixels,tn_pixels
1,0,..\benign\benign (216).png,benign,0.8697177767753601,0.7694696187973022,0.9805473128921679,0.7813977929642302,0.9990442248501554,2974,59,832,61671
1,1,..\benign\benign (309).png,benign,8.688852588811802e-12,8.688852588811802e-12,2.1786492369981154e-10,9.04977375557421e-12,0.9915758176412444,0,459,11050,54027
1,2,..\benign\benign (9).png,benign,0.9315140843391418,0.8718075156211853,0.8927353126987652,0.9738147739805152,0.9854323953329007,7066,849,190,57431
1,3,..\malignant\malignant (48).png,malignant,0.9293193817138672,0.8679706454277039,0.9253828608691631,0.9332895169262804,0.9963355895860395,2840,229,203,62264
1,4,..\malignant\malignant (184).png,malignant,0.833396315574646,0.7143782377243042,0.8056135225395907,0.8631637786488187,0.9670795709565707,7721,1863,1224,54728
1,5,..\malignant\malignant (90).png,malignant,0.7898620367050171,0.652704119682312,0.8764684941282224,0.7188321167924258,0.9881743516341407,4924,694,1926,57992
1,6,..\malignant\malignant (199).png,malignant,0.8731818795204163,0.7749093174934387,0.9199594731529899,0.830931137043447,0.9948336466933788,3632,316,739,60849
1,7,..\benign\benign (155).png,benign,0.9268292784690857,0.8636363744735718,0.8687569088547005,0.9932215073530191,0.9770199887387792,8645,1306,59,55526
1,8,..\benign\benign (56).png,benign,0.9389489889144897,0.88492351770401,0.9512004175378079,0.927009155647838,0.9969644828257954,3645,187,287,61417
1,9,..\benign\benign (388).png,benign,0.8395339846611023,0.7234455943107605,0.7666437886227424,0.9277408637933771,0.994714916371332,1117,340,87,63992
1,10,..\benign\benign (114).png,benign,0.4569120407104492,0.296102374792099,0.8852173913143289,0.307924984896917,0.9978788365740031,1018,132,2288,62098
1,11,..\benign\benign (201).png,benign,6.153846182632705e-11,6.153846182632705e-11,0.0,6.153846153467455e-11,1.0,0,0,1625,63911
1,12,..\benign\benign (200).png,benign,0.9558959007263184,0.9155178070068359,0.9325918436138345,0.9803944726587883,0.989486411186477,8301,600,166,56469
1,13,..\benign\benign (328).png,benign,0.9134045243263245,0.8406113386154175,0.8651685393561419,0.9673366834252923,0.9990788786883247,385,60,13,65078
1,14,..\benign\benign (111).png,benign,0.8936170339584351,0.807692289352417,0.9274447949603107,0.8621700879900127,0.9989304481267358,882,69,141,64444
1,15,..\benign\benign (387).png,benign,0.8439883589744568,0.7300863862037659,0.7383222116342815,0.9849512505302045,0.9729192015522166,4647,1647,71,59171
1,16,..\benign\benign (421).png,benign,0.6398830413818359,0.47046175599098206,0.9967462039046259,0.4711853978725268,0.9997311056933893,4595,15,5157,55769
1,17,..\malignant\malignant (197).png,malignant,0.5863718390464783,0.41479918360710144,0.46368442456719244,0.7973426573454917,0.8870619669100691,5701,6594,1449,51792
1,18,..\benign\benign (113).png,benign,0.9502438902854919,0.9052044749259949,0.9240986717296357,0.9779116465872325,0.9968277130983777,2435,200,55,62846
1,19,..\benign\benign (239).png,benign,0.8876799941062927,0.7980437278747559,0.8717787555077449,0.9041720990936003,0.9968125996062673,1387,204,147,63798
1,20,..\benign\benign (217).png,benign,0.8563256859779358,0.7487496137619019,0.8225597931508959,0.8929824561422284,0.9816498429039681,5090,1098,610,58738
1,21,..\malignant\malignant (100).png,malignant,0.7818869948387146,0.6418837904930115,0.9173214895825992,0.6812991626571606,0.9960711096679989,2685,242,1256,61353
1,22,..\benign\benign (401).png,benign,0.8060669898986816,0.6751358509063721,0.9627979073830111,0.6932198660757084,0.9967105263157952,4969,192,2199,58176
1,23,..\malignant\malignant (29).png,malignant,0.9056164622306824,0.8275128602981567,0.9241870661314926,0.8877774853041346,0.9846690925211314,10118,830,1279,53309
1,24,..\benign\benign (77).png,benign,0.7940934896469116,0.6585034132003784,0.659400544970729,0.9979381443300032,0.9842757406126419,1936,1000,4,62596
1,25,..\benign\benign (359).png,benign,0.548591136932373,0.37797147035598755,0.4001677852600601,0.8720292504687358,0.9778095031191183,954,1430,140,63012
1,26,..\benign\benign (413).png,benign,0.634390652179718,0.46454766392707825,0.5215004575003201,0.809659090936128,0.9919329960513451,570,523,134,64309
1,27,..\benign\benign (70).png,benign,0.9052631855010986,0.8269230723381042,0.8669354838888528,0.9471365638844146,0.9984735178475084,645,99,36,64756
1,28,..\benign\benign (278).png,benign,0.9009976983070374,0.8198323845863342,0.9644030668146548,0.8454152664500522,0.9989756197500528,1761,65,322,63388
1,29,..\benign\benign (44).png,benign,0.965595006942749,0.9334787130355835,0.9585666293439455,0.9727272727303719,0.9994277406582538,856,37,24,64619
1,30,..\benign\benign (422).png,benign,7.935878516829309e-12,7.935878516829309e-12,1.7391304344801514e-10,8.315316813501452e-12,0.9892543449822664,0,575,12026,52935
1,31,..\benign\benign (80).png,benign,0.8974066972732544,0.8139054775238037,0.8147906470918174,0.9986670221274415,0.9325971661522746,14984,3406,20,47126
1,32,..\benign\benign (228).png,benign,1.1999040649968151e-11,1.1999040649968151e-11,1.3513513511687364e-10,1.3168290755686486e-11,0.9872286079182852,0,740,7594,57202
1,33,..\malignant\malignant (88).png,malignant,0.934838593006134,0.8776496648788452,0.9124299246102372,0.9583756345186116,0.9925261091221189,4720,453,205,60158
1,34,..\benign\benign (396).png,benign,0.6445977091789246,0.4755766689777374,0.5506677140965697,0.777161862552421,0.991150168641905,701,572,201,64062
1,35,..\malignant\malignant (194).png,malignant,0.40892231464385986,0.2570096552371979,0.3725263056340136,0.4532002348860457,0.8860069097352098,3859,6500,4656,50521
1,36,..\benign\benign (38).png,benign,0.9655172228813171,0.9333333373069763,0.9522563767199309,0.9791526563564793,0.9988602476229155,1456,73,31,63976
1,37,..\benign\benign (89).png,benign,0.29878050088882446,0.17562724649906158,0.17708709795487734,0.955165692012167,0.9294062935980012,980,4554,46,59956
1,38,..\benign\benign (139).png,benign,0.936083972454071,0.8798476457595825,0.8915789473722253,0.9852656068249218,0.9950918881141174,2541,309,38,62648
1,39,..\malignant\malignant (111).png,malignant,0.716397225856781,0.5581144094467163,0.9944857655809889,0.5598469535116961,0.9991680210510039,7755,43,6097,51641
1,40,..\benign\benign (71).png,benign,0.8563218116760254,0.7487437129020691,0.9759825327563357,0.7627986348527648,0.999830638953041,447,11,139,64939
1,41,..\malignant\malignant (174).png,malignant,0.7911081314086914,0.6544076800346375,0.9580627705639052,0.6737062404932704,0.9974286662242909,3541,155,1715,60125
1,42,..\malignant\malignant (7).png,malignant,0.8802404403686523,0.7860977649688721,0.908853315912811,0.853374233133332,0.9955199434774302,2782,279,478,61997
1,43,..\malignant\malignant (21).png,malignant,0.47845256328582764,0.31445127725601196,0.8328856485066599,0.3356270295396967,0.98344169423219,4341,871,8593,51731
1,44,..\malignant\malignant (135).png,malignant,0.9186273217201233,0.8495011925697327,0.999500499500512,0.849861966450417,0.9999671198645339,4002,2,707,60825
1,45,..\malignant\malignant (62).png,malignant,0.8492137789726257,0.7379422783851624,0.9093993465706283,0.7965001100616718,0.9872276350753105,7237,721,1849,55729
1,46,..\benign\benign (150).png,benign,0.7066817879676819,0.5464097857475281,0.5464098074349546,1.0,0.996029069054342,312,259,0,64965
1,47,..\benign\benign (205).png,benign,6.758126610412196e-12,6.758126610412196e-12,0.0,6.7581266472476976e-12,1.0,0,0,14797,50739
1,48,..\malignant\malignant (116).png,malignant,0.18610313534736633,0.10259852558374405,0.13411882678448084,0.3038909400936129,0.8886075949368885,1070,6908,2451,55107
1,49,..\benign\benign (136).png,benign,0.827360212802887,0.7055535912513733,0.7196294976943488,0.9730250481708563,0.9875984872360738,2020,787,56,62673
1,50,..\malignant\malignant (114).png,malignant,0.834078311920166,0.7153810858726501,0.9264224009539627,0.7584749207401148,0.9860805860806122,9330,741,2971,52494
1,51,..\malignant\malignant (74).png,malignant,0.8715254068374634,0.7723039984703064,0.8448899112768685,0.8998949947532413,0.9924695671596667,2571,472,286,62207
1,52,..\benign\benign (178).png,benign,0.8445920944213867,0.7309904098510742,0.7512723690732019,0.9643835616445863,0.9750785478113947,4576,1515,169,59276
1,53,..\malignant\malignant (167).png,malignant,0.8890650272369385,0.8002853989601135,0.9389649923901144,0.844201163189571,0.9842501129200443,12338,802,2277,50119
1,54,..\benign\benign (310).png,benign,0.6404667496681213,0.4710931181907654,0.6684283088311482,0.6147506339895445,0.9762680086836782,2909,1443,1823,59361
1,55,..\malignant\malignant (193).png,malignant,0.849441647529602,0.7382864952087402,0.7878571428647194,0.9214703425262544,0.9905926324791888,2206,594,188,62548
1,56,..\benign\benign (253).png,benign,0.9082164168357849,0.8318648934364319,0.8914240755353492,0.9256535947742789,0.9956251585087567,2266,276,182,62812
1,57,..\malignant\malignant (60).png,malignant,0.09494287520647049,0.04983728379011154,0.9305555555676118,0.050023331786747324,0.9992703526021064,536,40,10179,54781
1,58,..\benign\benign (146).png,benign,0.9283819794654846,0.8663366436958313,0.911458333356391,0.9459459459605551,0.9994782555320267,350,34,20,65132
1,59,..\benign\benign (43).png,benign,0.8628762364387512,0.7588235139846802,0.8177496038323693,0.9132743362985355,0.9982299795293312,516,115,49,64856
1,60,..\benign\benign (57).png,benign,0.8215556740760803,0.6971527338027954,0.7495361781308407,0.9088863892115988,0.9958234720868783,808,270,81,64377
1,61,..\benign\benign (360).png,benign,0.4570462107658386,0.29621508717536926,0.2989054494725325,0.9705103969765403,0.9042629311031717,2567,6021,78,56870
1,62,..\benign\benign (105).png,benign,0.8917894959449768,0.8047112226486206,0.8540322580762877,0.9330396475829921,0.9971894846353361,1059,181,76,64220
1,63,..\benign\benign (40).png,benign,0.9413649439811707,0.88922518491745,0.9146948941522606,0.9696369636983738,0.9978600771621845,1469,137,46,63884
1,64,..\benign\benign (375).png,benign,0.9230462312698364,0.8570898771286011,0.867379478524341,0.9863481228671854,0.9883808835130351,4624,707,64,60141
1,65,..\benign\benign (280).png,benign,0.9511947631835938,0.9069317579269409,0.991545893720062,0.9139994433644865,0.9995479715222066,3284,28,309,61915
1,66,..\malignant\malignant (11).png,malignant,0.4035313129425049,0.2527649402618408,0.5862873134521323,0.3076358296792062,0.9855655004068583,1257,887,2829,60563
1,67,..\malignant\malignant (32).png,malignant,0.8345488905906677,0.7160736918449402,0.9022302320353431,0.776313239001974,0.9842804882466147,8010,868,2308,54350
1,68,..\benign\benign (97).png,benign,0.831630289554596,0.7117868661880493,0.8910204901577841,0.7796625065936047,0.9799660253333211,8871,1085,2507,53073
1,69,..\benign\benign (141).png,benign,0.765680730342865,0.6203262805938721,0.9623941632140047,0.6357361735053826,0.9738433104658903,21369,835,12244,31088
1,70,..\malignant\malignant (120).png,malignant,0.8937908411026001,0.8079763650894165,0.9649268444540321,0.8324232387446744,0.9937827646463832,9299,338,1872,54027
1,71,..\benign\benign (123).png,benign,0.9548421502113342,0.9135865569114685,0.941918528253826,0.9681253376561825,0.9964259145454015,3584,221,118,61613
1,72,..\benign\benign (219).png,benign,0.2567024230957031,0.14725105464458466,0.2914764079686852,0.2293413174114167,0.9854226035762605,383,931,1287,62935
1,73,..\malignant\malignant (127).png,malignant,0.8781172037124634,0.7827174067497253,0.9551473729178304,0.8125843629954699,0.9841163504344035,15652,735,3610,45539
1,74,..\benign\benign (65).png,benign,0.9562703371047974,0.9162049889564514,0.949067431852616,0.9635833940290028,0.9977384933906709,2646,142,100,62648
1,75,..\benign\benign (108).png,benign,4.7326077085019236e-11,4.7326077085019236e-11,1.1363636350723141e-09,4.9382716046944056e-11,0.99861441325125,0,88,2025,63423
1,76,..\benign\benign (339).png,benign,0.9465355277061462,0.8984978199005127,0.9175627240155189,0.9773976786808584,0.9902522546958868,6400,575,148,58413
1,77,..\malignant\malignant (33).png,malignant,0.7536654472351074,0.6047055721282959,0.9051464150218392,0.6456179307498049,0.9809290953545605,9304,975,5107,50150
1,78,..\benign\benign (115).png,benign,0.8850305080413818,0.7937710285186768,0.9058597502491968,0.8651376146912717,0.998479347050246,943,98,147,64348
1,79,..\benign\benign (336).png,benign,0.7291017770767212,0.5736901760101318,0.9584382871562697,0.5883262466336171,0.9989515321927291,1522,66,1065,62883
1,80,..\benign\benign (381).png,benign,0.9517228007316589,0.9078922867774963,0.9127059269094356,0.9942244224423633,0.9924037701028335,4820,461,28,60227
1,81,..\malignant\malignant (16).png,malignant,0.6593605279922485,0.4918254017829895,0.6132142626052338,0.7130173062474566,0.8855988975234743,9476,5977,3814,46269
1,82,..\benign\benign (282).png,benign,0.9339845776557922,0.8761455416679382,0.9066091954049825,0.9630647130658405,0.9947799550273132,3155,325,121,61935
1,83,..\benign\benign (300).png,benign,0.919847309589386,0.851590096950531,0.8825252673226524,0.9604654870084415,0.9864671042640661,6025,802,248,58461
1,84,..\malignant\malignant (68).png,malignant,0.6008771657943726,0.4294670820236206,0.9877308373388852,0.4317704301701218,0.9979557428872541,7809,97,10277,47353
1,85,..\benign\benign (412).png,benign,0.804097056388855,0.6723765730857849,0.9675794437598865,0.687873823765904,0.9846005039835451,18056,605,8193,38682
1,86,..\benign\benign (30).png,benign,0.9295629858970642,0.8683957457542419,0.8880157171033384,0.9751887810167003,0.9982355399402587,904,114,23,64495
1,87,..\benign\benign (368).png,benign,0.8864285945892334,0.7960230708122253,0.8175230566655123,0.9680187207513246,0.9956889843433939,1241,277,41,63977
1,88,..\malignant\malignant (185).png,malignant,0.9154955744743347,0.8441603183746338,0.9429701823801702,0.8895766954948605,0.9891661014463728,9772,591,1213,53960
1,89,..\benign\benign (312).png,benign,0.6032423377037048,0.43188759684562683,0.9489932885917451,0.4421513445961835,0.9959243502198779,4242,228,5352,55714
1,90,..\benign\benign (281).png,benign,0.908063530921936,0.8316084146499634,0.9837855724691004,0.8431650595620203,0.9992098048701835,2973,49,553,61961
1,91,..\benign\benign (225).png,benign,3.396739139960303e-11,3.396739139960303e-11,0.0,3.3967391303194045e-11,1.0,0,0,2944,62592
1,92,..\benign\benign (323).png,benign,0.937428891658783,0.8822270035743713,0.9927710843377848,0.8879310344887968,0.999811557788945,1648,12,208,63668
1,93,..\benign\benign (185).png,benign,0.875420868396759,0.7784430980682373,0.9701492537387688,0.7975460123113403,0.9998155180100545,390,12,99,65035
1,94,..\malignant\malignant (132).png,malignant,0.8949483036994934,0.8098700642585754,0.9936115107914036,0.8141092143741672,0.9974960523347677,17264,111,3942,44219
1,95,..\malignant\malignant (103).png,malignant,0.8378990292549133,0.7210208773612976,0.9360259715464907,0.7583939347071144,0.9872647785592334,9803,670,3123,51940
1,96,..\benign\benign (51).png,benign,0.9474576115608215,0.9001610279083252,0.9474576271275496,0.9474576271275496,0.9995226803806246,559,31,31,64915
1,97,..\benign\benign (84).png,benign,0.4714582860469818,0.30843666195869446,0.5036208031681432,0.4431571325207363,0.9485596356876933,3060,3016,3845,55615
1,98,..\benign\benign (66).png,benign,0.8743072748184204,0.7766837477684021,0.7993514390028639,0.9647749510780442,0.9922037422037545,1972,495,72,62997
1,99,..\malignant\malignant (178).png,malignant,0.29844921827316284,0.17539836466312408,0.3645258404574881,0.2526517127586046,0.9576315129213722,1453,2533,4298,57252
1,100,..\benign\benign (427).png,benign,0.31977343559265137,0.19031566381454468,0.21029461565847793,0.6670247046365723,0.9267518924522933,1242,4664,620,59010
1,101,..\benign\benign (293).png,benign,3.732735995298775e-11,3.732735995298775e-11,0.0,3.732736095418711e-11,1.0,0,0,2679,62857
1,102,..\malignant\malignant (108).png,malignant,0.5024428367614746,0.3355082869529724,0.9431153641695078,0.34243798861748437,0.996121431807891,3548,214,6813,54961
1,103,..\benign\benign (3).png,benign,0.909610390663147,0.834206759929657,0.8373983739915162,0.9954519613419299,0.9946689245339313,1751,340,8,63437
1,104,..\malignant\malignant (98).png,malignant,0.5858830809593201,0.41431018710136414,0.985728848115624,0.4168103448527237,0.9997785370792208,967,14,1353,63202
1,105,..\malignant\malignant (173).png,malignant,8.059965889151144e-12,8.059965889151144e-12,1.1627906976608977e-11,2.6267402153237e-11,0.8606813653228456,0,8600,3807,53129
1,106,..\benign\benign (391).png,benign,0.08253901451826096,0.043045997619628906,0.6344605475628888,0.04414071253591597,0.9959901077548208,394,227,8532,56383
1,107,..\benign\benign (34).png,benign,0.9610465168952942,0.9250140190124512,0.9585387068727591,0.9635674730409919,0.9976974478705455,3306,143,125,61962
1,108,..\benign\benign (158).png,benign,0.9567607641220093,0.9171057939529419,0.9383100051846728,0.9759516876957193,0.989424666299363,9050,595,223,55668
1,109,..\benign\benign (179).png,benign,0.7777777910232544,0.6363636255264282,0.8966942149187214,0.6867088608586364,0.9996166819993872,217,25,99,65195
1,110,..\benign\benign (222).png,benign,0.8594035506248474,0.7534685134887695,0.8013620885432704,0.9265091863549209,0.9916996047430962,2118,525,168,62725
1,111,..\benign\benign (347).png,benign,0.852648138999939,0.7431444525718689,0.879870129883131,0.827060020363473,0.9982804827041373,813,111,170,64442
1,112,..\malignant\malignant (59).png,malignant,0.7892126441001892,0.6518177390098572,0.97463872140899,0.6630640015647955,0.994718695816819,10184,265,5175,49912
1,113,..\benign\benign (184).png,benign,0.8866052627563477,0.796308159828186,0.9995981784087918,0.7965631337410976,0.9999465878540781,7463,3,1906,56164
1,114,..\malignant\malignant (123).png,malignant,0.8255361318588257,0.7029047012329102,0.9719795440020031,0.7174425920122881,0.9950208254449167,9123,263,3593,52557
1,115,..\benign\benign (126).png,benign,0.8663238883018494,0.7641723155975342,0.9519774011367264,0.7948113207789137,0.9994744001978737,674,34,174,64654
1,116,..\benign\benign (69).png,benign,0.8799999952316284,0.7857142686843872,0.8659966499386941,0.8944636678383281,0.9987684349887639,517,80,61,64878
1,117,..\benign\benign (226).png,benign,0.8855209946632385,0.7945604920387268,0.9201349831316009,0.8534167970864154,0.9977679624011729,1636,142,281,63477
1,118,..\malignant\malignant (47).png,malignant,0.6065430641174316,0.43527936935424805,0.8411416262810831,0.47426749658817163,0.9774645735457441,6248,1180,6926,51182
1,119,..\benign\benign (116).png,benign,4.27715987627586e-11,4.27715987627586e-11,6.535947711991114e-11,1.2376237622230665e-10,0.9763626251390799,0,1530,808,63198
1,120,..\benign\benign (78).png,benign,0.9202678203582764,0.8523111343383789,0.9521410579405364,0.8904593639704995,0.9994125558458432,756,38,93,64649
1,121,..\malignant\malignant (207).png,malignant,0.8981463313102722,0.8151230812072754,0.8423794523886311,0.9618204454286648,0.9776870701631405,6953,1301,276,57006
1,122,..\benign\benign (373).png,benign,0.9626256823539734,0.9279444217681885,0.9646387832713065,0.9606209769041795,0.9985213450989768,2537,93,104,62802
1,123,..\benign\benign (333).png,benign,0.8072766661643982,0.6768348217010498,0.715136687589457,0.9266712612001837,0.9540502050411729,6723,2678,532,55603
1,124,..\benign\benign (349).png,benign,0.8791312575340271,0.7843302488327026,0.9800000000021053,0.7970890411132628,0.9997048222719368,931,19,237,64349
1,125,..\malignant\malignant (78).png,malignant,0.7677083611488342,0.6229923963546753,0.6900749063702655,0.865023474180164,0.948520771410886,6633,2979,1035,54889
1,126,..\malignant\malignant (24).png,malignant,0.8421939611434937,0.7274050712585449,0.9067216494853054,0.7862404348152311,0.9780614125269566,10994,1131,2989,50422
1,127,..\benign\benign (107).png,benign,0.881538987159729,0.7881714105606079,0.830788804082011,0.9388928828225095,0.9958531452178723,1306,266,85,63879
1,128,..\benign\benign (320).png,benign,0.8887708783149719,0.7998088598251343,0.8079150579243285,0.9876106194697575,0.9937657618145177,1674,398,21,63443
1,129,..\benign\benign (162).png,benign,0.8554744720458984,0.7474489808082581,0.7897574124555911,0.9331210191295793,0.998804084511363,293,78,21,65144
1,130,..\malignant\malignant (36).png,malignant,0.6316318511962891,0.46159493923187256,0.9073325635130678,0.48443279902151,0.994563744750043,3143,321,3345,58727
1,131,..\benign\benign (6).png,benign,0.9267059564590454,0.8634222745895386,0.9746012994698995,0.883297644545862,0.9993246214738969,1650,43,218,63625
1,132,..\benign\benign (242).png,benign,1.3599891178495138e-11,1.3599891178495138e-11,3.9231071006699447e-11,2.081598667733522e-11,0.9580287163275406,0,2549,4804,58183
1,133,..\benign\benign (430).png,benign,0.6057522296905518,0.4344652593135834,0.7297441364749604,0.5177760968412339,0.991938561343268,1369,507,1275,62385
1,134,..\malignant\malignant (3).png,malignant,0.7485508322715759,0.5981472134590149,0.984748557296589,0.6037402072377119,0.9993991458126968,2389,37,1568,61542
1,135,..\malignant\malignant (149).png,malignant,0.6962888240814209,0.5340821146965027,0.9985517740768084,0.5344961240400291,0.9999337485093416,2758,4,2402,60372
1,136,..\benign\benign (372).png,benign,0.930141270160675,0.8694057464599609,0.9115384615401627,0.949519230770242,0.9924022198731627,4740,460,252,60084
1,137,..\benign\benign (151).png,benign,0.9050847291946411,0.826625406742096,0.885572139322459,0.9254766031324997,0.9989377915300437,534,69,43,64890
1,138,..\malignant\malignant (152).png,malignant,0.18249376118183136,0.1004088744521141,0.6587510993993514,0.10591812204549304,0.9849006674060964,1498,776,12645,50617
1,139,..\benign\benign (209).png,benign,0.9424168467521667,0.8911042809486389,0.9635157545625475,0.9222222222263374,0.9989630141721413,1743,66,147,63580
1,140,..\benign\benign (172).png,benign,0.9090909361839294,0.8333333134651184,0.8557046979946474,0.9695817490513573,0.9959661027549392,1530,258,48,63700
1,141,..\malignant\malignant (122).png,malignant,0.915702760219574,0.8445126414299011,0.9780463958761173,0.8608307908952451,0.9953178018311843,11004,247,1779,52506
1,142,..\benign\benign (378).png,benign,0.863479733467102,0.7597574591636658,0.762067654893118,0.9960258320916033,0.9901453017017613,2005,626,8,62897
1,143,..\benign\benign (358).png,benign,0.8374118208885193,0.7202996015548706,0.7481223176033229,0.9509035117643743,0.9850007188154162,2789,939,144,61664
1,144,..\benign\benign (67).png,benign,0.8984449505805969,0.8156151175498962,0.9403527914171635,0.8601131071202586,0.9877410674241521,10342,656,1682,52856
1,145,..\malignant\malignant (40).png,malignant,0.8959698677062988,0.8115447759628296,0.8446103022165103,0.9539800995031236,0.9782161234991797,6903,1270,333,57030
1,146,..\benign\benign (233).png,benign,9.286775341788012e-12,9.286775341788012e-12,0.0,9.286775631414498e-12,1.0,0,0,10768,54768
1,147,..\benign\benign (82).png,benign,0.7673655152320862,0.6225410103797913,0.6375655823790647,0.9635267998742935,0.972316175881294,3038,1727,115,60656
1,148,..\benign\benign (252).png,benign,0.6403272747993469,0.4709421992301941,0.4808407437432362,0.9581185567023802,0.9485680420298107,2974,3211,130,59221
1,149,..\benign\benign (285).png,benign,0.9495424628257751,0.9039323329925537,0.9542827115093462,0.9448491155061174,0.9971795370550522,3632,174,212,61518
1,150,..\malignant\malignant (206).png,malignant,0.7878581881523132,0.6499719619750977,0.9788028169015577,0.6592515296700695,0.99322880345535,13899,301,7184,44152
1,151,..\malignant\malignant (177).png,malignant,0.37509697675704956,0.2308426797389984,0.49236252548409554,0.30294486217722605,0.9840080841781342,967,997,2225,61347
1,152,..\malignant\malignant (150).png,malignant,0.7564148306846619,0.6082533597946167,0.9950389349410007,0.6101035770682296,0.9980032857323442,15845,79,10126,39486
1,153,..\malignant\malignant (80).png,malignant,1.5379883130939298e-11,1.5379883130939298e-11,1.562499997558594e-09,1.553277415322254e-11,0.9989170530305612,0,64,6438,59034
1,154,..\benign\benign (234).png,benign,0.8882583975791931,0.7989791631698608,0.8204818062713387,0.968240751754868,0.9688249400480162,8140,1781,267,55348
1,155,..\benign\benign (190).png,benign,0.8737733364105225,0.7758414149284363,0.7764611902572699,0.9989722507708295,0.9718751046936717,5832,1679,6,58019
1,156,..\benign\benign (307).png,benign,0.9223388433456421,0.8558709025382996,0.961851156975494,0.8859447004673995,0.9990438871473369,1538,61,198,63739
1,157,..\benign\benign (1).png,benign,0.8984962701797485,0.8156996369361877,0.8356643357217955,0.9715447154587217,0.9992801347832757,239,47,7,65243
1,158,..\benign\benign (42).png,benign,0.752858579158783,0.6036673188209534,0.6115255228958384,0.9791569086655935,0.9566480592825439,4181,2656,89,58610
1,159,..\malignant\malignant (52).png,malignant,0.8641443252563477,0.7607871294021606,0.9677771709451322,0.7805594302930727,0.9931811615140265,10632,354,2989,51561
1,160,..\malignant\malignant (25).png,malignant,0.6955938935279846,0.5332648158073425,0.9173766275525046,0.5601688260720448,0.9772364924712639,11414,1028,8962,44132
1,161,..\benign\benign (348).png,benign,0.9375,0.8823529481887817,0.9354485776875877,0.9395604395670812,0.9990870547457694,855,59,55,64567
1,162,..\benign\benign (214).png,benign,0.887453019618988,0.7976769208908081,0.9956169925827506,0.8004879371157363,0.9997898038708429,2953,13,736,61834
1,163,..\malignant\malignant (125).png,malignant,0.7968040704727173,0.662239670753479,0.9963669391463957,0.6638426626425463,0.9998714467066255,2194,8,1111,62223
1,164,..\benign\benign (129).png,benign,0.9372294545173645,0.8818737268447876,0.9506037321678811,0.9242262540102213,0.9993033947893941,866,45,71,64554
1,165,..\malignant\malignant (2).png,malignant,0.7384600043296814,0.5853639245033264,0.8419187010471562,0.6576455877114253,0.9359122937142224,14726,2765,7666,40379
1,166,..\malignant\malignant (15).png,malignant,0.6770336031913757,0.5117541551589966,0.9860879243184631,0.515475913430792,0.9974145776454095,8860,125,8328,48223
1,167,..\benign\benign (8).png,benign,0.9621158242225647,0.9269972443580627,0.9868035190635186,0.9386331938718782,0.9998611518227682,673,9,44,64810
1,168,..\malignant\malignant (77).png,malignant,0.8165587186813354,0.6899867057800293,0.7319084300777703,0.9233506706826806,0.957564829125953,6746,2471,560,55759
1,169,..\malignant\malignant (72).png,malignant,0.5681097507476807,0.3967550992965698,0.9813881349362021,0.39976307996288346,0.9952251871378597,10124,192,15201,40019
1,170,..\benign\benign (41).png,benign,0.7526921033859253,0.6034533381462097,0.804997072031915,0.7067694944351882,0.9832666119495767,4124,999,1711,58702
1,171,..\benign\benign (331).png,benign,0.756800651550293,0.608752429485321,0.7163720215437069,0.8020654044920769,0.9942678721222943,932,369,230,64005
1,172,..\benign\benign (26).png,benign,0.973732590675354,0.948809802532196,0.9745994065284914,0.9728672985785205,0.996251926579802,8211,214,229,56882
1,173,..\benign\benign (90).png,benign,0.18251386284828186,0.10042105615139008,0.10052687040884033,0.9896265560187497,0.9343929658438614,477,4268,5,60786
1,174,..\benign\benign (437).png,benign,0.8168557286262512,0.6904109716415405,0.6923076923922231,0.9960474308316019,0.9982843925677461,252,112,1,65171
1,175,..\benign\benign (60).png,benign,0.3714444935321808,0.22808219492435455,0.23237962322174602,0.9250000000208334,0.9831226218240102,333,1100,27,64076
1,176,..\malignant\malignant (163).png,malignant,0.8042770028114319,0.6726282238960266,0.94348783887091,0.7008649767902319,0.9646840670919431,20986,1257,8957,34336
1,177,..\benign\benign (197).png,benign,0.5904825925827026,0.41892534494400024,0.4266343825943519,0.9586507072950325,0.9816766485600048,881,1184,38,63433
1,178,..\malignant\malignant (71).png,malignant,0.8033245205879211,0.6712968945503235,0.9921475875119002,0.6748825535769684,0.998339900394027,10487,83,5052,49914
1,179,..\malignant\malignant (31).png,malignant,0.6060348749160767,0.4347561299800873,0.9124180917379542,0.45368935511005015,0.9728504545567815,11418,1096,13749,39273
1,180,..\benign\benign (365).png,benign,0.8348186612129211,0.7164710164070129,0.7265512265610913,0.9810034096453483,0.9880597955358316,2014,758,39,62725
1,181,..\benign\benign (237).png,benign,0.8688791990280151,0.7681577205657959,0.9336527828983846,0.8125100240607456,0.9939292760661811,5066,360,1169,58941
1,182,..\malignant\malignant (148).png,malignant,0.45337027311325073,0.29313433170318604,0.3421602787914871,0.6716826265839012,0.9854332227451811,491,944,240,63861
1,183,..\malignant\malignant (210).png,malignant,0.6696265935897827,0.5033373236656189,0.9402743142152086,0.5199613873024894,0.9906139164854298,7541,479,6962,50554
1,184,..\benign\benign (425).png,benign,0.918174684047699,0.848727285861969,0.9495524816965376,0.8888042650503576,0.9990346137676548,1167,62,146,64161
1,185,..\benign\benign (86).png,benign,0.6202629804611206,0.4495515823364258,0.47232037697616963,0.9031531531749655,0.9931174337860365,401,448,43,64644
1,186,..\benign\benign (369).png,benign,0.6785079836845398,0.5134408473968506,0.5183175034248088,0.9820051413904878,0.9890361036474428,764,710,14,64048
1,187,..\benign\benign (356).png,benign,0.8980308175086975,0.8149328231811523,0.8340384276411595,0.9726590605409327,0.9662587130647298,9463,1883,266,53924
1,188,..\benign\benign (390).png,benign,0.8847530484199524,0.7933247685432434,0.8334457181501386,0.9427917620180937,0.9961541455819445,1236,247,75,63978
2,0,..\benign\benign (153).png,benign,0.5177743434906006,0.34932219982147217,0.3819840365584967,0.8033573141958376,0.9916767763632862,335,542,82,64577
2,1,..\malignant\malignant (195).png,malignant,0.8068416118621826,0.6762234568595886,0.7893175074201342,0.8251615682910369,0.9526061078045046,9576,2556,2029,51375
2,2,..\malignant\malignant (133).png,malignant,0.7558344602584839,0.6075031161308289,1.0,0.6075031398144168,1.0,14995,0,9688,40853
2,3,..\benign\benign (101).png,benign,0.43020904064178467,0.27405497431755066,0.28007023707111295,0.9273255814023909,0.961862830212139,957,2460,75,62044
2,4,..\benign\benign (305).png,benign,0.9299319982528687,0.8690400719642639,0.9619985925431387,0.8999341672218608,0.9991564740615787,1367,54,152,63963
2,5,..\malignant\malignant (179).png,malignant,0.6928756237030029,0.530076265335083,0.7338591097482441,0.6562275878597151,0.9651740423299542,5490,1991,2876,55179
2,6,..\malignant\malignant (13).png,malignant,0.5301851034164429,0.3607155382633209,0.5057755775659113,0.5570701563148479,0.950111603424809,3065,2995,2437,57039
2,7,..\benign\benign (31).png,benign,0.4518779218196869,0.2918877899646759,0.2959262106613431,0.9553349876041353,0.9859364684568714,385,916,18,64217
2,8,..\benign\benign (211).png,benign,0.48825064301490784,0.3229706287384033,0.9639175257824955,0.3269230769819123,0.9997825816871665,374,14,770,64378
2,9,..\benign\benign (250).png,benign,0.9288478493690491,0.8671483993530273,0.8899030233947574,0.9713574097153576,0.9969810730486517,1560,193,46,63737
2,10,..\malignant\malignant (126).png,malignant,0.8745790123939514,0.7771127820014954,0.8197819016678825,0.9372265966767885,0.9845482579883463,4285,942,287,60022
2,11,..\benign\benign (213).png,benign,0.9462989568710327,0.8980716466903687,0.9785591766733036,0.9160979526328343,0.9992069156951396,2282,50,209,62995
2,12,..\benign\benign (109).png,benign,0.831951379776001,0.7122575044631958,0.7519450800943712,0.9310100580828586,0.962925594678313,6572,2168,487,56309
2,13,..\benign\benign (23).png,benign,0.91881263256073,0.8498181700706482,0.9932001699960391,0.8547915142701247,0.9997452310435977,2337,16,397,62786
2,14,..\malignant\malignant (42).png,malignant,0.8951841592788696,0.8102564215660095,0.834507042255342,0.9653767820778338,0.9739251040222366,7584,1504,272,56176
2,15,..\benign\benign (340).png,benign,0.9393810629844666,0.8856913447380066,0.903377161875152,0.9783739068779345,0.9635686661730364,16558,1771,366,46841
2,16,..\malignant\malignant (43).png,malignant,0.2087840586900711,0.1165599599480629,0.3891752577412193,0.1426586640038754,0.9152538807792788,2567,4029,15427,43513
2,17,..\benign\benign (128).png,benign,0.8891099095344543,0.8003581166267395,0.8612716763139429,0.9188078109024863,0.9977696203708041,894,144,79,64419
2,18,..\benign\benign (74).png,benign,0.9062821865081787,0.8286252617835999,0.9887640449463452,0.8365019011717678,0.9999230887555762,440,5,86,65005
2,19,..\malignant\malignant (134).png,malignant,0.7987907528877258,0.6649888157844543,0.7362229102221626,0.872980910428953,0.9792026037429142,3567,1278,519,60172
2,20,..\benign\benign (322).png,benign,0.9502550959587097,0.9052248001098633,0.9208899876488393,0.9815546772092814,0.9990119949982262,745,64,14,64713
2,21,..\benign\benign (148).png,benign,0.9615926742553711,0.926026463508606,0.9508710801410847,0.9725588025669081,0.9977522716403671,2729,141,77,62589
2,22,..\benign\benign (264).png,benign,0.9508647918701172,0.9063320159912109,0.9628790519351189,0.9391466938647094,0.9964293497393317,5525,213,358,59440
2,23,..\malignant\malignant (75).png,malignant,0.04180581495165825,0.021349165588617325,0.16967871490112055,0.023839751734914375,0.9677946960552051,338,1654,13840,49704
2,24,..\benign\benign (254).png,benign,0.8955613374710083,0.8108747005462646,0.8532338308822801,0.9423076923235418,0.9990947032467945,343,59,21,65113
2,25,..\benign\benign (363).png,benign,0.9058330059051514,0.8278745412826538,0.9511609287469046,0.864628820970551,0.999049281506189,1188,61,186,64101
2,26,..\benign\benign (223).png,benign,5.470459502054936e-11,5.470459502054936e-11,1.4285714081632654e-08,5.49148819299882e-11,0.99989013576081,0,7,1821,63708
2,27,..\benign\benign (408).png,benign,0.31456276774406433,0.18663570284843445,0.20291302050153923,0.6993927125566924,0.7760248201205096,3455,13572,1485,47024
2,28,..\benign\benign (142).png,benign,0.9320987462997437,0.8728323578834534,0.9278033794273728,0.9364341085369869,0.9992757084957864,604,47,41,64844
2,29,..\malignant\malignant (208).png,malignant,0.5497704148292542,0.37909194827079773,0.9897218187913114,0.3805902822555287,0.9978229489576237,8859,92,14418,42167
2,30,..\benign\benign (350).png,benign,0.9487929940223694,0.902574896812439,0.9225480717593453,0.9765749374576237,0.9872933629410537,8588,721,206,56021
2,31,..\benign\benign (73).png,benign,0.8332332372665405,0.7141386270523071,0.9880687383137026,0.7203505355422243,0.9973270032514865,11097,134,4308,49997
2,32,..\benign\benign (399).png,benign,0.9433030486106873,0.8926901817321777,0.9075834175944633,0.981949458483952,0.983792889440582,8976,914,165,55481
2,33,..\malignant\malignant (97).png,malignant,0.6774538159370422,0.5122345089912415,0.8579713880673029,0.5596939633465638,0.979456396107566,6657,1102,5237,52540
2,34,..\malignant\malignant (12).png,malignant,0.8597218990325928,0.7539580464363098,0.7813747228478327,0.9555314533646675,0.9922596244426423,1762,493,82,63199
2,35,..\benign\benign (263).png,benign,0.9135453701019287,0.8408499360084534,0.897269782512852,0.9304222648785787,0.9965012923154566,1939,222,145,63230
2,36,..\benign\benign (297).png,benign,0.9390756487846375,0.8851485252380371,0.9638814016191978,0.9155145929382738,0.9989462592202335,1788,67,165,63516
2,37,..\malignant\malignant (34).png,malignant,0.6875181198120117,0.5238305330276489,0.535891647866007,0.9588045234265427,0.9673961306692557,2374,2056,102,61004
2,38,..\benign\benign (292).png,benign,3.769317843960174e-11,3.769317843960174e-11,0.0,3.7693177533445416e-11,1.0,0,0,2653,62883
2,39,..\malignant\malignant (91).png,malignant,0.6623685359954834,0.4951801598072052,0.8923933209665644,0.5266248631479384,0.988502225666369,5291,638,4756,54851
2,40,..\benign\benign (33).png,benign,0.9744592308998108,0.9501906037330627,0.9944148936171698,0.9552887072060479,0.9996592126188705,3739,21,175,61601
2,41,..\benign\benign (308).png,benign,0.7820728421211243,0.6421343088150024,0.9762237762271015,0.6523364486306227,0.9997362951012941,698,17,372,64449
2,42,..\malignant\malignant (153).png,malignant,0.662737250328064,0.4955924153327942,1.0,0.4955924293514148,1.0,11469,0,11673,42394
2,43,..\benign\benign (161).png,benign,0.5863058567047119,0.4147331714630127,0.42917166870173035,0.9249676584831866,0.9853156895140971,715,951,58,63812
2,44,..\malignant\malignant (39).png,malignant,0.9152765274047852,0.8437879085540771,0.9059060243826972,0.9248429192855866,0.9861159622773558,7654,795,622,56465
2,45,..\benign\benign (140).png,benign,0.9370998740196228,0.8816443681716919,0.8910673839192308,0.9881475667190883,0.9708500643988733,12589,1539,151,51257
2,46,..\benign\benign (125).png,benign,0.89570552110672,0.8111110925674438,0.8914518317650676,0.9000000000136986,0.9987655464000266,657,80,73,64726
2,47,..\malignant\malignant (94).png,malignant,0.8352157473564148,0.7170562148094177,0.9292092423830507,0.7584911331548054,0.985276097112688,10094,769,3214,51459
2,48,..\benign\benign (367).png,benign,9.972078718334387e-12,9.972078718334387e-12,6.397952654741013e-11,1.1813349084325889e-11,0.9726130609241601,0,1563,8465,55508
2,49,..\malignant\malignant (109).png,malignant,0.6013370752334595,0.42993709444999695,0.5417657315019533,0.6756275943926541,0.9521967028788594,3418,2891,1641,57586
2,50,..\benign\benign (7).png,benign,0.8133764863014221,0.6854545474052429,0.7167300380766674,0.9401496259500873,0.9977124433868155,377,149,24,64986
2,51,..\benign\benign (393).png,benign,0.8260353803634644,0.7036288380622864,0.8740828871711674,0.7829948487193854,0.9608403395893665,13224,1905,3665,46742
2,52,..\benign\benign (112).png,benign,0.8274030685424805,0.7056159377098083,0.7307692307944869,0.9534883720987163,0.9955654444599027,779,287,38,64432
2,53,..\benign\benign (255).png,benign,0.718532383441925,0.5607105493545532,0.5626172607931212,0.9939921276156206,0.9385593569323518,4798,3730,29,56979
2,54,..\benign\benign (383).png,benign,0.4938512444496155,0.3278900980949402,0.3303447075267205,0.9778407626905993,0.8752250425758248,3795,7693,86,53962
2,55,..\benign\benign (182).png,benign,0.4020776152610779,0.2516252398490906,0.264575794159044,0.837150127247182,0.9717528957529393,658,1829,128,62921
2,56,..\benign\benign (410).png,benign,0.7935537099838257,0.6577613353729248,0.8023959809377509,0.7849042338736781,0.9733680555556018,6229,1534,1707,56066
2,57,..\benign\benign (147).png,benign,0.44243577122688293,0.2840561866760254,0.39675767923235855,0.5000000000537634,0.9890567439556867,465,707,465,63899
2,58,..\benign\benign (183).png,benign,0.5860849022865295,0.41451209783554077,0.41451209346000734,1.0,0.989206476114348,497,702,0,64337
2,59,..\malignant\malignant (110).png,malignant,0.8906216025352478,0.8028113842010498,0.860611134371678,0.9228007181363196,0.9947400012636717,2056,333,172,62975
2,60,..\benign\benign (376).png,benign,0.9392133355140686,0.8853932619094849,0.9410203675450075,0.9374132575511374,0.9823628608273338,14184,889,947,49516
2,61,..\benign\benign (14).png,benign,0.7004608511924744,0.5390070676803589,0.543245175157738,0.9857328145284393,0.9901335597931133,760,639,11,64126
2,62,..\malignant\malignant (95).png,malignant,0.6486879587173462,0.48004305362701416,0.7914818101184342,0.5495430742422266,0.9747298241841412,5352,1410,4387,54387
2,63,..\benign\benign (127).png,benign,0.9039931893348694,0.8248062133789062,0.8273716951922728,0.9962546816482908,0.9965564310976042,1064,222,4,64246
2,64,..\malignant\malignant (130).png,malignant,0.9467546343803406,0.8988927602767944,0.917256334171225,0.9782132424540139,0.9873517096999522,8037,725,179,56595
2,65,..\benign\benign (21).png,benign,0.890788197517395,0.8030821681022644,0.8286219081574874,0.9630390143813061,0.998508816430693,469,97,18,64952
2,66,..\malignant\malignant (58).png,malignant,0.8052352070808411,0.6739696264266968,0.6824577119687915,0.9818802122821693,0.8848813662937285,12951,6026,239,46320
2,67,..\malignant\malignant (131).png,malignant,0.9395409226417542,0.8859755992889404,0.9791105121300839,0.9030453697979165,0.9990051028595286,2906,62,312,62256
2,68,..\malignant\malignant (82).png,malignant,0.7778632044792175,0.6364780068397522,0.8506801161569513,0.7165293511879952,0.9830875225038376,5566,977,2202,56791
2,69,..\malignant\malignant (27).png,malignant,0.6980996131896973,0.5362158417701721,0.622746781132071,0.7941981390369897,0.9862028912712706,1451,879,376,62830
2,70,..\benign\benign (63).png,benign,0.7769423723220825,0.6352459192276001,0.6492146597225953,0.9672386895526929,0.9948378149318209,620,335,21,64560
2,71,..\benign\benign (434).png,benign,0.9628534317016602,0.9283677935600281,0.9551746264556313,0.970656730321652,0.9910768051678052,10420,489,315,54312
2,72,..\benign\benign (240).png,benign,0.7099899649620056,0.5503755211830139,0.6081368282602151,0.8528242974758328,0.9338006496838198,6009,3872,1037,54618
2,73,..\benign\benign (75).png,benign,0.9227262139320374,0.8565382957458496,0.9926434526732396,0.8620102214709536,0.9997626131543967,2024,15,324,63173
2,74,..\benign\benign (135).png,benign,0.9346092343330383,0.8772454857826233,0.9708416169668097,0.900984009846188,0.9993115318416534,1465,44,161,63866
2,75,..\benign\benign (59).png,benign,0.9007949233055115,0.8194966912269592,0.9936864258157247,0.823785984302885,0.9997101309241997,2833,18,606,62079
2,76,..\benign\benign (267).png,benign,0.9422442317008972,0.8907956480979919,0.9781584582450468,0.9088738559526911,0.9991907716230596,2284,51,229,62972
2,77,..\benign\benign (316).png,benign,0.8958161473274231,0.8112925291061401,0.9880276924679193,0.8193473193480991,0.994571630870912,18981,230,4185,42140
2,78,..\benign\benign (334).png,benign,0.9376499056816101,0.8826184868812561,0.890153671036417,0.9905003166567131,0.9969823475147411,1564,193,15,63764
2,79,..\malignant\malignant (41).png,malignant,0.6908429861068726,0.5277006030082703,0.966187911431293,0.5376290376367361,0.9981017974130723,3229,113,2777,59417
2,80,..\benign\benign (13).png,benign,0.9700612425804138,0.9418630003929138,0.9685922602359104,0.9715346534656668,0.9950571953114055,8635,280,253,56368
2,81,..\malignant\malignant (19).png,malignant,0.8608231544494629,0.7556536793708801,0.8942957556105767,0.8297658862890488,0.9781058682992794,9924,1173,2036,52403
2,82,..\benign\benign (325).png,benign,0.9130434989929199,0.8399999737739563,0.8885754584078173,0.9388971684144714,0.9987820858706563,630,79,41,64786
2,83,..\benign\benign (27).png,benign,0.9612870812416077,0.9254598021507263,0.9493545183764296,0.9735234215912909,0.9992099637512792,956,51,26,64503
2,84,..\benign\benign (289).png,benign,0.9620141386985779,0.9268085360527039,0.9510917030574805,0.9731903485258685,0.9942878514841483,6534,336,180,58486
2,85,..\malignant\malignant (147).png,malignant,0.6218594312667847,0.4512307941913605,0.5024732069352335,0.815657410511353,0.961405023422448,2438,2414,551,60133
2,86,..\malignant\malignant (85).png,malignant,0.9160415530204773,0.8450891971588135,0.9401399752989696,0.893147684606593,0.9862185319988129,11418,727,1366,52025
2,87,..\benign\benign (235).png,benign,1.4102383323610912e-11,1.4102383323610912e-11,6.101281268694247e-11,1.8341892883009137e-11,0.9727215232008976,0,1639,5452,58445
2,88,..\benign\benign (403).png,benign,0.87958824634552,0.7850580811500549,0.7907463989542493,0.9909200306313213,0.9574962319355307,9058,2397,83,53998
2,89,..\benign\benign (48).png,benign,0.8940539360046387,0.8084064722061157,0.81155736316198,0.9952202826268658,0.9816876358606454,4789,1112,23,59612
2,90,..\benign\benign (19).png,benign,0.814628005027771,0.6872340440750122,0.6872340426197374,1.0,0.9977458482204503,323,147,0,65066
2,91,..\benign\benign (17).png,benign,0.9329517483711243,0.8743295073509216,0.9827734711470479,0.8879377431993822,0.9996887207981203,1141,20,144,64231
2,92,..\malignant\malignant (192).png,malignant,0.45260754227638245,0.292496919631958,0.3089916840096416,0.845661450935586,0.9585373460159698,1189,2659,217,61471
2,93,..\benign\benign (361).png,benign,0.9090538024902344,0.8332709670066833,0.9640614851707283,0.8599845500220166,0.9972497431989177,4453,166,725,60192
2,94,..\benign\benign (144).png,benign,0.3217158317565918,0.1916932910680771,0.19210245472869772,0.9890109890170269,0.9884169293386963,180,757,2,64597
2,95,..\benign\benign (354).png,benign,0.9066290855407715,0.8292054533958435,0.8373572357982166,0.988395904437058,0.9811482002815518,5792,1125,68,58551
2,96,..\benign\benign (199).png,benign,0.10314987599849701,0.05437956377863884,0.3280493175108741,0.06119599146491542,0.9714028709569142,745,1526,11429,51836
2,97,..\benign\benign (160).png,benign,0.9339549541473389,0.8760932683944702,0.9449685534677722,0.923195084497205,0.9994605841103499,601,35,50,64850
2,98,..\benign\benign (47).png,benign,0.6721893548965454,0.5062388777732849,0.5514563107667076,0.8606060606483013,0.9964573812225923,284,231,46,64975
2,99,..\benign\benign (15).png,benign,0.8747913241386414,0.7774480581283569,0.8024502297392878,0.961467889915327,0.9980151097844348,524,129,21,64862
2,100,..\benign\benign (55).png,benign,0.875,0.7777777910232544,0.9879032258076711,0.7852564102736171,0.9998133399701347,980,12,268,64276
2,101,..\benign\benign (221).png,benign,0.8895999789237976,0.801152765750885,0.8323353293664169,0.9553264604887756,0.9982757028050647,556,112,26,64842
2,102,..\malignant\malignant (76).png,malignant,0.7703303694725037,0.6264531016349792,0.6523922982828747,0.9403192871733774,0.9014279975167061,10131,5398,643,49364
2,103,..\malignant\malignant (5).png,malignant,0.794720470905304,0.6593661308288574,0.9573512906862196,0.6793204141311568,0.9981544140264564,2559,114,1208,61655
2,104,..\benign\benign (400).png,benign,0.9199877977371216,0.8518309593200684,0.9080478215521622,0.9322459738871772,0.9444457910174165,22634,2292,1645,38965
2,105,..\malignant\malignant (46).png,malignant,0.7971776127815247,0.6627558469772339,0.8736426456112655,0.7330204307086411,0.9937978486287531,2655,384,967,61530
2,106,..\benign\benign (377).png,benign,0.7714958786964417,0.6279961466789246,0.6676860346754493,0.9135285913588892,0.9898287104926682,1310,652,124,63450
2,107,..\benign\benign (374).png,benign,0.6777163743972778,0.5125347971916199,0.5161290323259287,0.9865951742663284,0.9947055844574456,368,345,5,64818
2,108,..\benign\benign (137).png,benign,0.25213271379470825,0.14425162971019745,0.14448669203069914,0.9888475836445046,0.9270033524387415,798,4725,9,60004
2,109,..\benign\benign (318).png,benign,0.9219600558280945,0.8552188277244568,0.8728522337206692,0.9769230769319526,0.9994331760524551,254,37,6,65239
2,110,..\benign\benign (371).png,benign,0.2687842845916748,0.15525752305984497,0.9931578947372022,0.15542377070129787,0.9997565315104415,1887,13,10254,53382
2,111,..\malignant\malignant (99).png,malignant,0.5189504623413086,0.35039371252059937,0.9881569208002845,0.3518713758736987,0.9997408571150923,1335,16,2459,61726
2,112,..\malignant\malignant (8).png,malignant,0.8583130836486816,0.7517938017845154,0.9506048387113372,0.7823561946962844,0.9976259689922519,2829,147,787,61773
2,113,..\malignant\malignant (28).png,malignant,0.6708207130432129,0.5046879053115845,0.5476744186178002,0.8654111162211572,0.9754415315898681,1884,1556,293,61803
2,114,..\benign\benign (193).png,benign,0.9643117189407349,0.9310829639434814,0.9457142857220409,0.9836552748909874,0.999414149823475,662,38,11,64825
2,115,..\malignant\malignant (51).png,malignant,0.6303966045379639,0.4602767825126648,0.47254867567556086,0.9465917076608118,0.8995053806565412,5388,6014,304,53830
2,116,..\benign\benign (53).png,benign,0.9140271544456482,0.8416666388511658,0.885258964152569,0.9447278911611626,0.997762585456809,1111,144,65,64216
2,117,..\malignant\malignant (171).png,malignant,0.7726161479949951,0.629482090473175,0.6918789808958083,0.8746854554625955,0.9610239194293563,5214,2322,747,57253
2,118,..\benign\benign (311).png,benign,0.25812989473342896,0.14819124341011047,0.9550102249519421,0.14923306349436266,0.9988245351570869,1401,66,7987,56082
2,119,..\benign\benign (283).png,benign,0.8972188830375671,0.8135964870452881,0.838418079114303,0.9648894668446177,0.9977920854756315,742,143,27,64624
2,120,..\benign\benign (429).png,benign,0.7659574747085571,0.6206896305084229,0.6805293005973034,0.8759124087742199,0.9947770188830937,720,338,102,64376
2,121,..\benign\benign (411).png,benign,0.875201404094696,0.778096079826355,0.9668284789649381,0.7994380519159829,0.9964692914470799,5975,205,1499,57857
2,122,..\benign\benign (327).png,benign,0.7570858597755432,0.6091216206550598,0.6259692165301936,0.9576841359780863,0.9460325941758849,5409,3232,239,56656
2,123,..\benign\benign (406).png,benign,0.9407781958580017,0.8881786465644836,0.8948940539541221,0.991621845262809,0.9798453497530253,9587,1126,81,54742
2,124,..\malignant\malignant (14).png,malignant,0.8168707489967346,0.6904323697090149,0.7994673768326723,0.8350486787219745,0.9587404796260183,9006,2259,1779,52492
2,125,..\benign\benign (258).png,benign,0.9407361149787903,0.8881036639213562,0.9430894308978681,0.9383945239615187,0.9985765458555608,1508,91,99,63838
2,126,..\malignant\malignant (203).png,malignant,0.6850066781044006,0.5209202766418457,0.8106854651719628,0.5930650743055367,0.9598220437410976,8740,2041,5997,48758
2,127,..\malignant\malignant (65).png,malignant,0.8753811120986938,0.7783802151679993,0.8238880918284115,0.9337398374010675,0.9922157397425452,2297,491,163,62585
2,128,..\benign\benign (210).png,benign,1.826817690175897e-11,1.826817690175897e-11,5.263157891966759e-10,1.892505677481217e-11,0.9968465777069693,0,190,5284,60062
2,129,..\malignant\malignant (165).png,malignant,0.3957160711288452,0.24666211009025574,0.9819484240690265,0.2477856910478732,0.9966732673267414,6854,126,20807,37749
2,130,..\benign\benign (335).png,benign,0.360212117433548,0.21966993808746338,0.9791252485110213,0.22070356264349758,0.9996561491985008,985,21,3478,61052
2,131,..\malignant\malignant (50).png,malignant,0.35847193002700806,0.2183769792318344,0.22626171953308266,0.8623835772692952,0.7425964330157734,4537,15515,724,44760
2,132,..\benign\benign (159).png,benign,0.13562653958797455,0.07274644076824188,0.07278481013880822,0.9928057553969774,0.8917820867961037,552,7032,4,57948
2,133,..\benign\benign (295).png,benign,0.9406912326812744,0.8880236148834229,0.9618964514263555,0.9204007792952853,0.9978851524788953,3307,131,286,61812
2,134,..\benign\benign (303).png,benign,0.9322955012321472,0.8731774687767029,0.9112833764022026,0.9542994588107546,0.9950329529014708,3174,309,152,61901
2,135,..\benign\benign (102).png,benign,0.6558407545089722,0.4879189431667328,0.4932240781674563,0.9784307596130531,0.9484094518505086,3130,3216,69,59121
2,136,..\benign\benign (299).png,benign,0.24054983258247375,0.13671875,0.1729885057566323,0.39470233413599,0.8834308118531448,1505,7195,2308,54528
2,137,..\benign\benign (291).png,benign,0.8971014618873596,0.8134034276008606,0.9464831804363175,0.8526170799101078,0.999459959882735,619,35,107,64775
2,138,..\malignant\malignant (56).png,malignant,0.9026787281036377,0.8226202726364136,0.9837914691944665,0.8339225453974456,0.9967790544358697,10379,171,2067,52919
2,139,..\malignant\malignant (30).png,malignant,0.8183290958404541,0.6925186514854431,0.9249139257202775,0.7337711396540142,0.9787912019698757,12626,1025,4581,47304
2,140,..\benign\benign (428).png,benign,0.6515731811523438,0.48320987820625305,0.48398664523947094,0.9966895849249633,0.9322663896509726,3914,4173,13,57436
2,141,..\benign\benign (236).png,benign,0.13739851117134094,0.07376699894666672,0.5606769895728961,0.07829235179223466,0.9732743324060258,1557,1220,18330,44429
2,142,..\benign\benign (12).png,benign,0.8822314143180847,0.7892791032791138,0.9085106383173381,0.8574297189041306,0.9993388480580594,427,43,71,64995
2,143,..\benign\benign (45).png,benign,0.8136029243469238,0.6857762336730957,0.6961308587653958,0.9787704555511108,0.9683351361983015,4426,1932,96,59082
2,144,..\malignant\malignant (191).png,malignant,0.17794494330883026,0.09766167402267456,0.09778241384987721,0.9875146312919425,0.6291585282587313,2531,23353,32,39620
2,145,..\benign\benign (157).png,benign,0.9555189609527588,0.914826512336731,0.9577981651391634,0.9532505478468498,0.9981687314882669,2610,115,128,62683
2,146,..\malignant\malignant (200).png,malignant,0.5863516926765442,0.41477906703948975,0.634118648889182,0.5452770319857145,0.9790198408177558,2234,1289,1863,60150
2,147,..\benign\benign (117).png,benign,0.639694333076477,0.4702577590942383,0.5017630465619971,0.8822070675832482,0.9778952802590962,1423,1413,190,62510
2,148,..\malignant\malignant (121).png,malignant,0.8376855850219727,0.7207048535346985,0.7483989021273193,0.9511627907033532,0.9957480363658919,818,275,42,64401
2,149,..\malignant\malignant (198).png,malignant,1.0854228106593755e-11,1.0854228106593755e-11,2.5278058644457077e-11,1.9022256039204448e-11,0.9343718376218345,0,3956,5257,56323
2,150,..\benign\benign (419).png,benign,0.9382251501083374,0.8836385011672974,0.920049200496922,0.9571337172132353,0.997967892704738,1496,130,67,63843
2,151,..\benign\benign (229).png,benign,0.9376235008239746,0.8825717568397522,0.9978972664464435,0.8842161298939522,0.9998866928891696,3322,7,435,61772
2,152,..\benign\benign (81).png,benign,0.7339946031570435,0.5797720551490784,0.6705107084291176,0.8107569721304027,0.9938015248249027,814,400,190,64132
2,153,..\benign\benign (435).png,benign,0.8707294464111328,0.7710548043251038,0.7891213389297805,0.9711637487156372,0.9960969565554153,943,252,28,64313
2,154,..\malignant\malignant (136).png,malignant,1.956564250893411e-11,1.956564250893411e-11,0.0,1.956564273098091e-11,1.0,0,0,5111,60425
2,155,..\benign\benign (120).png,benign,0.6058981418609619,0.4346153736114502,0.43461538472411243,1.0,0.9954983922829651,226,294,0,65016
2,156,..\benign\benign (171).png,benign,0.6716577410697937,0.5056360960006714,0.5277310925163478,0.9235294117871973,0.9956899196269776,314,281,26,64915
2,157,..\benign\benign (343).png,benign,0.8290733098983765,0.7080488801002502,0.8981312670943908,0.769876929092208,0.9926014201301081,3941,447,1178,59970
2,158,..\malignant\malignant (57).png,malignant,0.7265399098396301,0.570524275302887,0.953873801917854,0.586710881852288,0.9959751890441579,4777,231,3365,57163
2,159,..\benign\benign (187).png,benign,0.8221840858459473,0.6980582475662231,1.0,0.6980582524564991,1.0,719,0,311,64506
2,160,..\malignant\malignant (137).png,malignant,0.6237999200820923,0.453277051448822,0.99807987711215,0.45367267141651424,0.9993223463081445,12995,25,15649,36867
2,161,..\malignant\malignant (146).png,malignant,0.9426594376564026,0.891538143157959,0.9551168412574125,0.9305228450311624,0.9894503579681249,11853,557,885,52241
2,162,..\malignant\malignant (89).png,malignant,0.810299813747406,0.6810958385467529,0.8710753829829283,0.7574518596692333,0.9662510918765063,11486,1700,3678,48672
2,163,..\benign\benign (276).png,benign,0.9454799890518188,0.8965975046157837,0.9187685459950696,0.9737911151883922,0.9886538295484179,7431,657,200,57248
2,164,..\malignant\malignant (154).png,malignant,0.9355978965759277,0.8789891600608826,0.9558750619735401,0.916163193266471,0.9877374274185853,13496,623,1235,50182
2,165,..\benign\benign (36).png,benign,0.8795269727706909,0.7849604487419128,0.7983654549914811,0.9790575916233499,0.9719121170413895,6545,1653,140,57198
2,166,..\malignant\malignant (181).png,malignant,8.07624019744102e-12,8.07624019744102e-12,1.0633772862498576e-11,3.357958361203561e-11,0.8496755011351871,0,9404,2978,53154
2,167,..\benign\benign (122).png,benign,0.24865831434726715,0.14198161661624908,0.16915855356103687,0.4691417550882767,0.924695093126714,973,4779,1101,58683
2,168,..\benign\benign (20).png,benign,0.9382674694061279,0.8837135434150696,0.8899170389314002,0.9921736037000294,0.994499800717426,2789,345,22,62380
2,169,..\benign\benign (177).png,benign,0.6366501450538635,0.4669749140739441,0.4672835426657446,0.9985875706216685,0.9875671006355471,707,806,1,64022
2,170,..\benign\benign (61).png,benign,0.02101116254925728,0.010617120191454887,0.13793103485434008,0.01137171289938267,0.9968113261694512,32,200,2782,62522
2,171,..\benign\benign (95).png,benign,0.931034505367279,0.8709677457809448,0.9009687836489807,0.9631760644461247,0.9985773269209974,837,92,32,64575
2,172,..\benign\benign (266).png,benign,0.8199701905250549,0.6948724389076233,0.7167795727014908,0.9578690807814112,0.9826535171709712,2751,1087,121,61577
2,173,..\benign\benign (166).png,benign,0.6853766441345215,0.5213482975959778,0.5345622120173147,0.9547325102942754,0.9906491582699544,696,606,33,64201
2,174,..\malignant\malignant (170).png,malignant,0.9342897534370422,0.876682698726654,0.9201371195630698,0.948884536378212,0.9613478913975263,19863,1724,1070,42879
2,175,..\benign\benign (268).png,benign,0.8849460482597351,0.7936351895332336,0.8328674415207759,0.9439719859939307,0.9809200691983726,5661,1136,336,58403
2,176,..\benign\benign (5).png,benign,0.8819875717163086,0.7888888716697693,0.8273305084928675,0.9443772672376811,0.9974810304594454,781,163,46,64546
2,177,..\benign\benign (284).png,benign,0.9229355454444885,0.856899082660675,0.9968803176404741,0.8592031288228011,0.9998209781105056,3515,11,576,61434
2,178,..\benign\benign (313).png,benign,0.31971678137779236,0.19027552008628845,0.25160737251386167,0.4383868559045267,0.9728024674050613,587,1746,752,62451
2,179,..\benign\benign (402).png,benign,0.05557776987552643,0.02858317829668522,0.07006048391783969,0.046056991416631644,0.9704884993122453,139,1845,2879,60673
2,180,..\malignant\malignant (86).png,malignant,0.869847297668457,0.7696723937988281,0.941167493323608,0.8085748000537002,0.984666481046926,12334,771,2920,49511
2,181,..\benign\benign (279).png,benign,0.6166127324104309,0.44572675228118896,0.45582137161952435,0.9526666666682444,0.9454394268901986,2858,3412,142,59124
2,182,..\malignant\malignant (45).png,malignant,0.5140722393989563,0.34596043825149536,0.432083258571493,0.634463376079093,0.8246537396125122,7224,9495,4162,44655
2,183,..\benign\benign (395).png,benign,0.9355141520500183,0.8788412809371948,0.9759440559443924,0.8983007209075914,0.9970225730508291,6978,172,790,57596
2,184,..\benign\benign (168).png,benign,0.9632031321525574,0.9290181398391724,0.9642973060706168,0.9621113989649576,0.9982385344606741,2971,110,117,62338
2,185,..\malignant\malignant (176).png,malignant,0.5899375677108765,0.4183768928050995,0.45730027548636515,0.8309496567529898,0.8822253347911276,5810,6895,1182,51649
2,186,..\malignant\malignant (92).png,malignant,0.7481691241264343,0.5976599454879761,0.7160298440037072,0.7833292109873032,0.979574910965509,3167,1256,876,60237
2,187,..\malignant\malignant (201).png,malignant,0.8451441526412964,0.731817901134491,0.8573213588453157,0.833308030971358,0.9651082846339615,10978,1827,2196,50535
3,0,..\benign\benign (269).png,benign,0.5758528113365173,0.4043492078781128,0.864555256073817,0.4316958277445594,0.9967872898152343,1283,201,1689,62363
3,1,..\benign\benign (170).png,benign,0.9279686808586121,0.8656170964241028,0.8734751773085538,0.9897139183545576,0.9928554265118256,3079,446,32,61979
3,2,..\benign\benign (245).png,benign,0.8937181830406189,0.8078575730323792,0.8657894736930402,0.9235087719351923,0.9968180187487377,1316,204,109,63907
3,3,..\benign\benign (88).png,benign,0.7128713130950928,0.5538461804389954,0.6328963051306183,0.8159815597422977,0.9591579645284947,4248,2464,958,57866
3,4,..\malignant\malignant (175).png,malignant,0.843370258808136,0.7291618585586548,0.7972784810139413,0.895118311661372,0.9377611099237554,12597,3203,1476,48260
3,5,..\benign\benign (414).png,benign,4.9585956000963716e-12,4.9585956000963716e-12,1.2499999843750002e-08,4.960563519991266e-12,0.9998236992308883,0,8,20159,45369
3,6,..\malignant\malignant (64).png,malignant,0.4476547837257385,0.2883732318878174,0.38758934373964277,0.5297513321596414,0.9382291257046497,2386,3770,2118,57262
3,7,..\benign\benign (405).png,benign,0.5213074684143066,0.35254624485969543,0.9952267303103295,0.35314336953595127,0.9992521226518868,7089,34,12985,45428
3,8,..\benign\benign (418).png,benign,0.898919939994812,0.8163983821868896,0.9736052789457945,0.8348765432183706,0.9993080890678083,1623,44,321,63548
3,9,..\benign\benign (133).png,benign,0.9181739687919617,0.8487260937690735,0.994402985075671,0.8528000000235519,0.9999537828719324,533,3,92,64908
3,10,..\malignant\malignant (140).png,malignant,0.7675120830535889,0.622734010219574,0.6776368760096856,0.8848731765030244,0.9447062682342522,6733,3203,876,54724
3,11,..\benign\benign (206).png,benign,0.824606716632843,0.7015581130981445,0.7052208835400557,0.9926512153761263,0.9763218168328393,3512,1468,26,60530
3,12,..\benign\benign (407).png,benign,0.08504718542098999,0.04441215842962265,0.3600764088073838,0.04821793997677261,0.952233840304296,1131,2010,22325,40070
3,13,..\malignant\malignant (138).png,malignant,0.649020254611969,0.48040711879730225,0.9976221928666414,0.4809578397722461,0.999843980237497,3776,9,4075,57676
3,14,..\malignant\malignant (106).png,malignant,2.1276596803843084e-11,2.1276596803843084e-11,0.0,2.1276595744228157e-11,1.0,0,0,4700,60836
3,15,..\benign\benign (104).png,benign,0.30195489525794983,0.17782500386238098,0.18175235339675047,0.8916518650281259,0.9652163206255441,502,2260,61,62713
3,16,..\benign\benign (215).png,benign,0.9000648856163025,0.8182891011238098,0.9041720990936003,0.8959948320480624,0.9977026942551764,1387,147,161,63841
3,17,..\malignant\malignant (162).png,malignant,0.9195204973220825,0.8510299921035767,0.9328794985682085,0.9065386632249343,0.9603141489754318,22474,1617,2317,39128
3,18,..\malignant\malignant (189).png,malignant,0.07034220546483994,0.03645320236682892,0.04717883331057766,0.13818860885731196,0.9536337547507118,148,2989,923,61476
3,19,..\malignant\malignant (158).png,malignant,6.125199306095119e-12,6.125199306095119e-12,0.0,6.125199068932223e-12,1.0,0,0,16326,49210
3,20,..\benign\benign (382).png,benign,0.9197661280632019,0.8514509201049805,0.9862960568844693,0.8616444544854116,0.998129917786955,7629,106,1225,56576
3,21,..\benign\benign (397).png,benign,0.8140026926994324,0.6863444447517395,0.7164690898430834,0.942275479964666,0.9499091302467332,7313,2894,448,54881
3,22,..\benign\benign (288).png,benign,4.116920693242321e-11,4.116920693242321e-11,0.0,4.1169205432640216e-11,1.0,0,0,2429,63107
3,23,..\malignant\malignant (87).png,malignant,0.9659399390220642,0.934123694896698,0.9637248088955702,0.9681653169510169,0.995528831329024,6934,261,228,58113
3,24,..\malignant\malignant (155).png,malignant,0.8449925184249878,0.7315905094146729,0.9102420856621943,0.7884718786989087,0.987143695431856,7332,723,1967,55514
3,25,..\malignant\malignant (70).png,malignant,0.8432474732398987,0.7289782762527466,0.765306122454549,0.9388646288227405,0.9840743305261042,3225,989,210,61112
3,26,..\benign\benign (52).png,benign,0.7985524535179138,0.6646586060523987,0.669362992955575,0.9895366218251813,0.9949589159356915,662,327,7,64540
3,27,..\malignant\malignant (20).png,malignant,0.6086956262588501,0.4375,0.9456323553796514,0.4487885462598427,0.9937907011964376,5705,328,7007,52496
3,28,..\malignant\malignant (93).png,malignant,0.9668803811073303,0.9358842968940735,0.9689856611792992,0.9647842639597632,0.9947931526390963,9123,292,333,55788
3,29,..\benign\benign (11).png,benign,0.9051724076271057,0.8267716765403748,0.8355437666218717,0.9874608150509527,0.9990493276293005,315,62,4,65155
3,30,..\benign\benign (392).png,benign,0.45438066124916077,0.293979674577713,1.0,0.2939796716226981,1.0,4888,0,11739,48909
3,31,..\benign\benign (85).png,benign,0.8059664964675903,0.6749948263168335,0.7119677665282372,0.9285612839095503,0.9547824600393969,6538,2645,503,55850
3,32,..\benign\benign (204).png,benign,0.9170931577682495,0.8468809127807617,0.930563798221645,0.9040069184230612,0.9962298806128922,3136,234,333,61833
3,33,..\malignant\malignant (139).png,malignant,0.9038865566253662,0.8246286511421204,0.9483399917351103,0.8634140223270611,0.9934853986067552,6884,375,1089,57188
3,34,..\benign\benign (351).png,benign,5.6211355015101105e-11,5.6211355015101105e-11,0.0,5.6211354690488395e-11,1.0,0,0,1779,63757
3,35,..\benign\benign (326).png,benign,0.956784188747406,0.9171488881111145,0.932950466619771,0.9818676337264752,0.9920737295902915,6498,467,120,58451
3,36,..\malignant\malignant (169).png,malignant,0.05660916864871979,0.029129069298505783,0.029226530220141444,0.8972809667984045,0.8487079211719213,297,9865,34,55340
3,37,..\benign\benign (243).png,benign,0.001356668071821332,0.0006787944585084915,0.009633911558837398,0.0007297139667143942,0.9912412241837788,5,514,6847,58170
3,38,..\benign\benign (272).png,benign,0.05166289955377579,0.02651640772819519,0.04771371771276911,0.05632480640562486,0.9218278253775246,240,4790,4021,56485
3,39,..\benign\benign (232).png,benign,0.9150310158729553,0.8433706760406494,0.8609555582049212,0.9763545466832002,0.9799260342307046,7226,1167,175,56968
3,40,..\benign\benign (194).png,benign,0.7901027202606201,0.6530329585075378,0.6784299604004888,0.9457831325328422,0.9859467455621523,1884,893,108,62651
3,41,..\benign\benign (208).png,benign,0.9233898520469666,0.8576826453208923,0.9956140350883605,0.8609355246699196,0.9999536643756275,681,3,110,64742
3,42,..\benign\benign (329).png,benign,0.9330543875694275,0.8745098114013672,0.9028340081168352,0.9653679653754614,0.9992623782155711,446,48,16,65026
3,43,..\benign\benign (37).png,benign,0.9177602529525757,0.8480194211006165,0.907439446374789,0.92831858407714,0.9983386640996206,1049,107,81,64299
3,44,..\benign\benign (246).png,benign,0.5214321613311768,0.35266029834747314,0.3526603001805825,1.0,0.9854042664452154,517,949,0,64070
3,45,..\benign\benign (296).png,benign,0.9372792840003967,0.8819620013237,0.9085080951873464,0.9679323917577225,0.9852015888080685,8361,842,277,56056
3,46,..\benign\benign (251).png,benign,0.9368748068809509,0.8812459707260132,0.8904918032858694,0.9883551673953163,0.9973972133038288,1358,167,16,63995
3,47,..\malignant\malignant (66).png,malignant,0.841595470905304,0.7265125513076782,0.8731894767994919,0.8122078636290292,0.993069354916892,2954,429,683,61470
3,48,..\benign\benign (156).png,benign,0.9352940917015076,0.8784530162811279,0.958656330752915,0.913043478268003,0.9992536965343545,1113,48,106,64269
3,49,..\malignant\malignant (157).png,malignant,0.05930408462882042,0.030558153986930847,0.03410672854948832,0.22702702708671607,0.8703942964775293,294,8326,1001,55915
3,50,..\benign\benign (164).png,benign,0.8411770462989807,0.7258892059326172,0.8957309749984089,0.792886827101644,0.9826958270670193,8204,955,2143,54234
3,51,..\malignant\malignant (22).png,malignant,0.84696364402771,0.7345506548881531,0.8287867226265854,0.8659557504498111,0.967658823105532,8689,1795,1345,53707
3,52,..\benign\benign (224).png,benign,1.2165450070933392e-11,1.2165450070933392e-11,0.0,1.2165450121506501e-11,1.0,0,0,8220,57316
3,53,..\benign\benign (176).png,benign,0.8208386301994324,0.6961206793785095,0.9862595419868306,0.7029379760932603,0.9998607177677703,646,9,273,64608
3,54,..\benign\benign (131).png,benign,0.43785959482192993,0.28029462695121765,0.871684464349437,0.29235746057828915,0.9845515811301513,5061,745,12250,47480
3,55,..\benign\benign (218).png,benign,0.9205877184867859,0.852860152721405,0.8734946294903602,0.9730481024900525,0.9796374559044748,8051,1166,223,56096
3,56,..\benign\benign (79).png,benign,0.9531782865524292,0.9105450510978699,0.9278599456707558,0.9799171182664993,0.9961698104136346,3074,239,63,62160
3,57,..\malignant\malignant (124).png,malignant,0.8364928960800171,0.7189409136772156,0.7193190034857075,0.9992694731074855,0.92177338096561,10943,4270,8,50315
3,58,..\benign\benign (46).png,benign,0.922671377658844,0.8564437031745911,0.9686346863526504,0.8808724832414644,0.9997382198952883,525,17,71,64923
3,59,..\malignant\malignant (35).png,malignant,0.9490647912025452,0.903066873550415,0.9760352584705166,0.9235447437017937,0.995168992707224,10630,261,880,53765
3,60,..\benign\benign (423).png,benign,0.6443179845809937,0.4752722382545471,0.9645488029482252,0.48372200416800454,0.9987419328486256,2095,77,2236,61128
3,61,..\benign\benign (394).png,benign,0.6867321729660034,0.5229186415672302,0.6861702127787983,0.687295081980029,0.9878439203753204,1677,767,763,62329
3,62,..\benign\benign (287).png,benign,0.9337899684906006,0.8758029937744141,0.9052010328303799,0.9642436149317061,0.9866841678036878,7362,771,273,57130
3,63,..\benign\benign (203).png,benign,0.9478774070739746,0.9009191393852234,0.9066793633531944,0.9929976162098779,0.9883380932952734,6665,686,47,58138
3,64,..\benign\benign (132).png,benign,0.9342875480651855,0.8766788840293884,0.960535117059496,0.9094363521273314,0.9990775051988069,1436,59,143,63898
3,65,..\benign\benign (362).png,benign,0.8428487181663513,0.7283825278282166,0.8201603665727193,0.8668280871831927,0.9975737907587736,716,157,110,64553
3,66,..\benign\benign (103).png,benign,0.94777512550354,0.9007343649864197,0.9173436492596088,0.9802948876949112,0.9890011839599359,7114,641,143,57638
3,67,..\malignant\malignant (115).png,malignant,0.8275368213653564,0.7058104872703552,0.9098065677033332,0.7589118198919529,0.9933395342656989,4045,401,1285,59805
3,68,..\benign\benign (186).png,benign,0.9422808885574341,0.8908611536026001,0.9022783908881759,0.9859949426184401,0.9909098435301086,5069,549,72,59846
3,69,..\benign\benign (198).png,benign,0.967530369758606,0.9371030330657959,0.9676851703732573,0.9673756596838737,0.9965926150835879,6049,202,204,59081
3,70,..\benign\benign (175).png,benign,0.9012764692306519,0.8202941417694092,0.9823881648473974,0.8325373134378347,0.9991959605055813,2789,50,561,62136
3,71,..\malignant\malignant (182).png,malignant,0.8099209070205688,0.6805605888366699,0.996614831270532,0.6821374266911727,0.9993813436442738,9421,32,4390,51693
3,72,..\malignant\malignant (38).png,malignant,0.8637585043907166,0.7601892352104187,0.8093762107784046,0.9259751773082457,0.9922250316055748,2089,492,167,62788
3,73,..\malignant\malignant (164).png,malignant,0.6620165109634399,0.4947867691516876,0.9771331780649104,0.5005830192274302,0.984926201193395,18460,432,18417,28227
3,74,..\benign\benign (270).png,benign,0.9080311059951782,0.8315539956092834,0.8580171358716023,0.9642365887232299,0.9963796385880647,1402,232,52,63850
3,75,..\benign\benign (110).png,benign,0.9548379778862,0.913578987121582,0.9918413597734635,0.9204963718590756,0.9987149053135118,8753,72,756,55955
3,76,..\benign\benign (341).png,benign,0.9362682104110718,0.8801732659339905,0.9182648860335549,0.9549916457815895,0.9854538956397687,9145,814,431,55146
3,77,..\benign\benign (338).png,benign,0.797897219657898,0.6637512445449829,0.6742349457379827,0.9771101573709428,0.9949103135555394,683,330,16,64507
3,78,..\malignant\malignant (6).png,malignant,0.7179080843925476,0.5599505305290222,0.7539528432800567,0.6851525082005255,0.9855933992756328,2718,887,1249,60682
3,79,..\benign\benign (386).png,benign,0.9280021786689758,0.8656754493713379,0.9634807417984742,0.8950437317812074,0.9979275618088533,3377,128,396,61635
3,80,..\benign\benign (304).png,benign,1.3958682300307945e-11,1.3958682300307945e-11,0.0,1.3958682300195998e-11,1.0,0,0,7164,58372
3,81,..\malignant\malignant (142).png,malignant,0.4872398376464844,0.3220866322517395,0.9832294449394,0.3238658584311504,0.9974933451641582,6625,113,13831,44967
3,82,..\malignant\malignant (102).png,malignant,0.8192974925041199,0.6939067840576172,0.8207364341106983,0.8178636089340028,0.9741489231629593,6776,1480,1509,55771
3,83,..\benign\benign (49).png,benign,0.9651479721069336,0.9326434135437012,0.9575478350808257,0.9728696981277566,0.979753363228745,20368,903,568,43697
3,84,..\malignant\malignant (104).png,malignant,0.772007942199707,0.6286750435829163,0.8384274982006953,0.7153393625453038,0.9710048571481873,8147,1570,3242,52577
3,85,..\benign\benign (344).png,benign,3.1269542510869996e-11,3.1269542510869996e-11,0.0,3.1269543463687634e-11,1.0,0,0,3198,62338
3,86,..\benign\benign (265).png,benign,0.8960384130477905,0.8116572499275208,0.9611125418500872,0.8392174499698849,0.9975281965656705,3732,151,715,60938
3,87,..\malignant\malignant (202).png,malignant,0.8687662482261658,0.7679811716079712,0.9419321011935781,0.8061476329391277,0.9921761859348095,7186,443,1728,56179
3,88,..\benign\benign (154).png,benign,0.946360170841217,0.8981817960739136,0.9285714285848551,0.9648437500068666,0.9994156003937017,494,38,18,64986
3,89,..\benign\benign (342).png,benign,0.09488124400377274,0.04980332404375076,0.9763681592069193,0.04986343137235683,0.9996184202598767,785,19,14958,49774
3,90,..\benign\benign (345).png,benign,0.8238341808319092,0.700440526008606,0.8833333333549384,0.7718446602310932,0.9990295449644181,477,63,141,64855
3,91,..\benign\benign (138).png,benign,0.5143369436264038,0.34620022773742676,0.3478787879578329,0.9862542955373697,0.9917541574067105,287,538,4,64707
3,92,..\malignant\malignant (113).png,malignant,0.7485536336898804,0.5981507897377014,0.7794253938900394,0.7200342465833324,0.9884898117101036,2523,714,981,61318
3,93,..\malignant\malignant (159).png,malignant,0.6460710167884827,0.4771823287010193,0.8869815812568979,0.5080743558493642,0.9825203961010357,7079,902,6854,50701
3,94,..\benign\benign (353).png,benign,0.6833253502845764,0.5189781188964844,0.532185628777531,0.9543624161135084,0.9903535984936328,711,625,34,64166
3,95,..\malignant\malignant (196).png,malignant,0.8147901892662048,0.6874649524688721,0.7370067372505171,0.9109293680310643,0.9628300828077012,6126,2186,599,56625
3,96,..\malignant\malignant (105).png,malignant,0.5507936477661133,0.3800657093524933,0.9985611510793437,0.38027397263669727,0.9999843041233069,694,1,1131,63710
3,97,..\malignant\malignant (187).png,malignant,0.7332548499107361,0.5788495540618896,0.7248560578252499,0.7418505516582015,0.9609798471161206,5917,2246,2059,55314
3,98,..\malignant\malignant (190).png,malignant,0.8238337635993958,0.7004399299621582,0.7776791000624973,0.87581263544131,0.9747719905269416,5254,1502,745,58035
3,99,..\malignant\malignant (73).png,malignant,0.8821603655815125,0.7891654372215271,0.8843314192008067,0.880000000004898,0.9955299115493207,2156,282,294,62804
3,100,..\malignant\malignant (54).png,malignant,0.9139375686645508,0.8415147066116333,0.9233136701738057,0.904749937172537,0.995142713257639,3600,299,379,61258
3,101,..\benign\benign (364).png,benign,0.9312455654144287,0.8713372349739075,0.8981328940170749,0.9668932899802869,0.9940308593310153,3271,371,112,61782
3,102,..\benign\benign (262).png,benign,6.750371529112842e-12,6.750371529112842e-12,0.0,6.750371270374305e-12,1.0,0,0,14814,50722
3,103,..\benign\benign (91).png,benign,0.8674699068069458,0.7659574747085571,0.7659574468537801,1.0,0.9981424623887041,396,121,0,65019
3,104,..\benign\benign (330).png,benign,0.973495602607727,0.9483598470687866,0.9733333333336296,0.9736578859622801,0.9957551424680384,8760,240,237,56299
3,105,..\benign\benign (10).png,benign,0.8992053270339966,0.81686931848526,0.8207359902302529,0.9942656307807202,0.9804756361217687,5375,1174,31,58956
3,106,..\benign\benign (29).png,benign,0.226523295044899,0.12772837281227112,0.13020189537988458,0.8705234160136299,0.9676092860540905,316,2111,47,63062
3,107,..\malignant\malignant (55).png,malignant,0.7730981707572937,0.6301223039627075,0.6547035220763553,0.9437660668398533,0.9751858259644124,2937,1549,175,60875
3,108,..\malignant\malignant (61).png,malignant,0.7420737147331238,0.5899182558059692,0.9167254763643807,0.6233205374460979,0.9981403265460534,1299,118,785,63334
3,109,..\malignant\malignant (37).png,malignant,0.5729458332061768,0.4014885127544403,0.9278547539428594,0.41442594964138263,0.9912001243249714,5826,453,8232,51025
3,110,..\benign\benign (202).png,benign,0.7272727489471436,0.5714285969734192,1.0,0.5714285715379008,1.0,224,0,168,65144
3,111,..\malignant\malignant (44).png,malignant,0.729997992515564,0.5748006105422974,0.6129251700811931,0.9023535303003328,0.9820897401596153,1802,1138,195,62401
3,112,..\benign\benign (426).png,benign,0.9029253125190735,0.8230299949645996,0.9240480239092902,0.8827467388634863,0.9674045244466788,17933,1474,2382,43747
3,113,..\benign\benign (366).png,benign,0.9333615303039551,0.8750495910644531,0.9147833298794363,0.9527099978416603,0.9932517855676984,4412,411,219,60494
3,114,..\benign\benign (357).png,benign,0.8647069334983826,0.7616596817970276,0.7917084587164257,0.9525341914741539,0.9901189532117524,2368,623,118,62427
3,115,..\benign\benign (106).png,benign,0.7106454968452454,0.5511637926101685,0.5673598553540977,0.9507575757613063,0.9850971720443735,1255,957,65,63259
3,116,..\malignant\malignant (9).png,malignant,0.8150234818458557,0.6877971291542053,0.8881309686259165,0.7530364372541054,0.9947163246238688,2604,328,854,61750
3,117,..\malignant\malignant (96).png,malignant,0.6246050596237183,0.45412778854370117,0.9686416402839041,0.460903873748487,0.9959686797426235,6425,208,7515,51388
3,118,..\benign\benign (241).png,benign,0.9407905340194702,0.8882007002830505,0.9186418962229775,0.9640336134465871,0.9959399625965123,2868,254,107,62307
3,119,..\malignant\malignant (180).png,malignant,0.7605006694793701,0.6135547161102295,0.6574074074109716,0.9019411932643171,0.9437382538869917,6319,3293,687,55237
3,120,..\benign\benign (247).png,benign,2.109704598518558e-11,2.109704598518558e-11,2.6525198938288457e-11,1.0309278349452652e-10,0.941610135365453,0,3770,970,60796
3,121,..\malignant\malignant (143).png,malignant,0.8012446761131287,0.6683971285820007,1.0,0.6683971447219857,1.0,2060,0,1022,62454
3,122,..\malignant\malignant (119).png,malignant,0.7880754470825195,0.6502677798271179,0.6509176812679364,0.9984668989547252,0.934168365860876,7164,3842,11,54519
3,123,..\benign\benign (385).png,benign,0.8160779476165771,0.6893004179000854,0.7266811279911162,0.9305555555583113,0.9860035546528088,2345,882,175,62134
3,124,..\benign\benign (130).png,benign,0.9697211384773254,0.9412219524383545,0.9555090290511513,0.9843623618230153,0.9972503922234667,3651,170,58,61657
3,125,..\malignant\malignant (17).png,malignant,0.9229562878608704,0.8569348454475403,0.939533027341059,0.9069543440588143,0.9949788714889469,4708,303,483,60042
3,126,..\benign\benign (72).png,benign,0.666069507598877,0.49932846426963806,0.5012519260448646,0.9923736892279814,0.9140999485828497,5205,5179,40,55112
3,127,..\benign\benign (352).png,benign,0.9256530404090881,0.8615959882736206,0.862671660441614,0.9985549132950066,0.9983036209980903,691,110,1,64734
3,128,..\benign\benign (94).png,benign,0.003569834865629673,0.0017881090752780437,0.005563282474886888,0.0026281209590914506,0.9888305683131989,4,715,1518,63299
3,129,..\benign\benign (22).png,benign,0.8928524851799011,0.8064440488815308,0.8070134149256999,0.9991258741258996,0.9867963416205288,3429,820,3,61284
3,130,..\benign\benign (306).png,benign,0.4061635732650757,0.2548339068889618,0.31723499461013366,0.5643700247168715,0.9285056468422462,2056,4425,1587,57468
3,131,..\benign\benign (260).png,benign,0.9111111164093018,0.8367347121238708,0.8781234064284007,0.9466739967029502,0.9922776180167497,3444,478,194,61420
3,132,..\malignant\malignant (10).png,malignant,0.7237001061439514,0.5670298337936401,0.9027149321340335,0.6039354187889033,0.9979702300405986,1197,129,785,63425
3,133,..\malignant\malignant (107).png,malignant,0.018456166610121727,0.009314034134149551,1.0,0.009314033996106807,1.0,74,0,7871,57591
3,134,..\benign\benign (319).png,benign,0.9252256155014038,0.8608556389808655,0.9953767914935101,0.8643115214827655,0.9998413831390279,2153,10,338,63035
3,135,..\malignant\malignant (156).png,malignant,0.503578245639801,0.33652159571647644,0.9880100967607487,0.33790151433639837,0.9969789320259785,9394,114,18407,37621
3,136,..\malignant\malignant (67).png,malignant,0.48168954253196716,0.3172536790370941,0.3394428152589524,0.8291547277998154,0.9282003060054695,2315,4505,477,58239
3,137,..\benign\benign (76).png,benign,0.9480069279670715,0.9011532068252563,0.9562937062975267,0.9398625429604929,0.9992232647735052,1094,50,70,64322
3,138,..\benign\benign (286).png,benign,0.9515576958656311,0.9075918793678284,0.9399905123346775,0.9634131518176319,0.9911706712732884,7926,506,301,56803
3,139,..\benign\benign (189).png,benign,0.8553100228309631,0.7471979856491089,0.7490636704433129,0.9966777408643392,0.9969045492346122,600,201,2,64733
3,140,..\benign\benign (290).png,benign,0.9211682677268982,0.8538572788238525,0.8919413919425562,0.9523754745202764,0.982354907376489,8279,1003,414,55840
3,141,..\benign\benign (314).png,benign,0.03183265030384064,0.016173752024769783,0.7142857145772594,0.01627906979031909,0.9995427526291731,70,28,4230,61208
3,142,..\malignant\malignant (160).png,malignant,0.8054453730583191,0.674264132976532,0.8572611359508424,0.7595363849782898,0.966784833538905,10354,1724,3278,50180
3,143,..\malignant\malignant (188).png,malignant,0.799526572227478,0.6660094261169434,0.9316579834518594,0.7002188183841964,0.9921552072889871,6080,446,2603,56407
3,144,..\malignant\malignant (128).png,malignant,0.8729594349861145,0.774558961391449,0.9867923523460255,0.7826729745721777,0.9940757727772346,18529,248,5145,41614
3,145,..\malignant\malignant (63).png,malignant,0.8786635398864746,0.7835859656333923,0.9086684178631171,0.8505768867046475,0.9835522724791973,8994,904,1580,54058
3,146,..\malignant\malignant (172).png,malignant,0.6898651123046875,0.526560366153717,0.5368070669627857,0.9650172612205979,0.9408736578909629,4193,3618,152,57573
3,147,..\benign\benign (18).png,benign,0.9217411279678345,0.8548421859741211,0.9214225362937136,0.9220599538822286,0.9805239310056343,11996,1023,1014,51503
3,148,..\benign\benign (134).png,benign,0.7433735132217407,0.591562807559967,0.5955598455988841,0.988782051283849,0.9935451072220952,617,419,7,64493
3,149,..\benign\benign (39).png,benign,0.9252486228942871,0.8608955144882202,0.8808796579180892,0.9743243243260592,0.9969557886849054,1442,195,38,63861
3,150,..\benign\benign (191).png,benign,0.9089183807373047,0.8330434560775757,0.928294573650359,0.8903345725008982,0.9988520012410815,958,74,118,64386
3,151,..\benign\benign (32).png,benign,0.0022730142809450626,0.001137800281867385,1.0,0.0011378002654723414,1.0,9,0,7901,57626
3,152,..\benign\benign (256).png,benign,1.591089933417056e-11,1.591089933417056e-11,0.0,1.591089896553841e-11,1.0,0,0,6285,59251
3,153,..\benign\benign (294).png,benign,1.7292063614338105e-11,1.7292063614338105e-11,1.2004801919327154e-10,2.020202020161208e-11,0.9862509490641629,0,833,4950,59753
3,154,..\malignant\malignant (69).png,malignant,0.8417240381240845,0.7267041802406311,0.8481751824854459,0.8353702372433413,0.98983100565489,3486,624,687,60739
3,155,..\benign\benign (28).png,benign,0.9210261702537537,0.8536130785942078,0.9744544970742707,0.8731521220852099,0.99924336764451,1831,48,266,63391
3,156,..\benign\benign (321).png,benign,0.42767295241355896,0.2720000147819519,0.27200000009706665,1.0,0.9916426865854533,204,546,0,64786
3,157,..\benign\benign (207).png,benign,1.2451749700770343e-11,1.2451749700770343e-11,0.0,1.24517494706456e-11,1.0,0,0,8031,57505
3,158,..\benign\benign (16).png,benign,0.933993399143219,0.8761609792709351,0.9233278956079399,0.9449081803096981,0.9992762215685984,566,47,33,64890
3,159,..\benign\benign (121).png,benign,0.947297990322113,0.8998728394508362,0.9433522159299116,0.9512768817220673,0.9972826086956565,2831,170,145,62390
3,160,..\benign\benign (167).png,benign,0.9288506507873535,0.8671532869338989,0.9339622641613267,0.9237947122980101,0.9993527807313588,594,42,49,64851
3,161,..\benign\benign (379).png,benign,0.5162158608436584,0.3479049503803253,0.3519266055164784,0.9681978798602626,0.9444260876407137,1918,3532,63,60023
3,162,..\benign\benign (124).png,benign,0.6099255681037903,0.4387718737125397,0.4412926391583019,0.9871485943785423,0.9757975455351825,1229,1556,16,62735
3,163,..\benign\benign (409).png,benign,0.6336748600006104,0.4637804329395294,0.9383331970234863,0.4783605737179855,0.9818540623797125,11473,754,12511,40798
3,164,..\benign\benign (231).png,benign,0.9296013712882996,0.8684627413749695,0.932237028638156,0.9269805469431356,0.9961444772459692,3288,239,259,61750
3,165,..\benign\benign (62).png,benign,0.9211575984954834,0.8538389205932617,0.9406013923867531,0.9025014212627736,0.984416290999564,12700,802,1372,50662
3,166,..\benign\benign (302).png,benign,3.3025100015793285e-11,3.3025100015793285e-11,4.9407114622064864e-11,9.960159361557753e-11,0.9686357156140075,0,2024,1004,62508
3,167,..\benign\benign (271).png,benign,0.5548886060714722,0.38397637009620667,0.3865452518233312,0.9829867674866263,0.9479501734469442,2080,3301,36,60119
3,168,..\benign\benign (301).png,benign,0.8412162065505981,0.7259474992752075,0.9540229885233628,0.7522658611020344,0.9998159650333566,249,12,82,65193
3,169,..\benign\benign (380).png,benign,0.9139017462730408,0.8414539694786072,0.8526645768140545,0.9846153846167769,0.9970821498967933,1088,188,17,64243
3,170,..\malignant\malignant (144).png,malignant,0.8960176706314087,0.8116232752799988,0.9663235394371373,0.8352483648586693,0.9898280654792756,14175,494,2796,48071
3,171,..\benign\benign (68).png,benign,0.958768367767334,0.9208022356033325,0.9480030143184024,0.9697810669135848,0.9868731451183569,12580,690,392,51874
3,172,..\malignant\malignant (117).png,malignant,0.6642040610313416,0.4972347021102905,0.926868556703387,0.5175391257507188,0.9962152158327422,2877,227,2682,59750
3,173,..\benign\benign (169).png,benign,0.550000011920929,0.37931033968925476,0.9777777777942387,0.3826086958311279,0.9999539813777977,132,3,213,65188
3,174,..\benign\benign (87).png,benign,0.7668604850769043,0.6218764781951904,0.622169811338577,0.9992424242424817,0.9875264731531277,1319,801,1,63415
3,175,..\benign\benign (249).png,benign,0.947962760925293,0.9010733962059021,0.9400726392269954,0.9559864573728536,0.9968211665355583,3106,198,143,62089
3,176,..\benign\benign (227).png,benign,0.8909825086593628,0.803398072719574,0.8085002442692477,0.9922062350124576,0.9938623410784839,1655,392,13,63476
3,177,..\malignant\malignant (101).png,malignant,0.8239471316337585,0.7006037831306458,0.9296864207773217,0.7398043311010244,0.9909814135615603,6730,509,2367,55930
3,178,..\benign\benign (174).png,benign,0.9620667099952698,0.9269061088562012,0.9709570957100502,0.9533376539216892,0.9970352402129287,5884,176,288,59188
3,179,..\benign\benign (244).png,benign,0.9046816825866699,0.8259532451629639,0.8305504019894526,0.9933431952667645,0.9957310233079962,1343,274,9,63910
3,180,..\benign\benign (188).png,benign,0.4233541786670685,0.2685157060623169,0.9602067804765543,0.27153736316287636,0.9908366092686152,7987,331,21427,35791
3,181,..\malignant\malignant (79).png,malignant,0.8990323543548584,0.8165838122367859,0.9283407347605134,0.8715179079034345,0.9870866829144318,9198,710,1356,54272
3,182,..\malignant\malignant (166).png,malignant,0.6599539518356323,0.49248605966567993,1.0,0.4924860455348869,1.0,1147,0,1182,63207
3,183,..\benign\benign (259).png,benign,0.9518518447875977,0.9081271886825562,0.9165980795633306,0.9899259259262244,0.9951094737858222,3341,304,34,61857
3,184,..\benign\benign (432).png,benign,0.9705063104629517,0.9427024722099304,0.9523001508304619,0.9894221351618134,0.9958134070262021,5051,253,54,60178
3,185,..\benign\benign (415).png,benign,0.7017608284950256,0.5405482053756714,0.9217796337941868,0.5665350444239338,0.9584305468617811,17217,1461,13173,33685
3,186,..\benign\benign (230).png,benign,0.5921940803527832,0.4206503629684448,0.4217639682399085,0.9937623112280446,0.9335893742999942,3027,4150,19,58340
3,187,..\benign\benign (398).png,benign,0.7851015329360962,0.6462280750274658,0.9819398703922029,0.6540012736173919,0.996692800031133,9243,170,4890,51233
